CREATE DATABASE  IF NOT EXISTS `AdiUas` /*!40100 DEFAULT CHARACTER SET latin1 */;
USE `AdiUas`;
-- MySQL dump 10.13  Distrib 5.7.17, for macos10.12 (x86_64)
--
-- Host: localhost    Database: AdiUas
-- ------------------------------------------------------
-- Server version	5.7.19

/*!40101 SET @OLD_CHARACTER_SET_CLIENT=@@CHARACTER_SET_CLIENT */;
/*!40101 SET @OLD_CHARACTER_SET_RESULTS=@@CHARACTER_SET_RESULTS */;
/*!40101 SET @OLD_COLLATION_CONNECTION=@@COLLATION_CONNECTION */;
/*!40101 SET NAMES utf8 */;
/*!40103 SET @OLD_TIME_ZONE=@@TIME_ZONE */;
/*!40103 SET TIME_ZONE='+00:00' */;
/*!40014 SET @OLD_UNIQUE_CHECKS=@@UNIQUE_CHECKS, UNIQUE_CHECKS=0 */;
/*!40014 SET @OLD_FOREIGN_KEY_CHECKS=@@FOREIGN_KEY_CHECKS, FOREIGN_KEY_CHECKS=0 */;
/*!40101 SET @OLD_SQL_MODE=@@SQL_MODE, SQL_MODE='NO_AUTO_VALUE_ON_ZERO' */;
/*!40111 SET @OLD_SQL_NOTES=@@SQL_NOTES, SQL_NOTES=0 */;

--
-- Table structure for table `CicloEscolar`
--

DROP TABLE IF EXISTS `CicloEscolar`;
/*!40101 SET @saved_cs_client     = @@character_set_client */;
/*!40101 SET character_set_client = utf8 */;
CREATE TABLE `CicloEscolar` (
  `IdCicloEscolar` int(11) NOT NULL AUTO_INCREMENT,
  `FechaInicio` varchar(20) NOT NULL,
  `FechaCierre` varchar(20) NOT NULL,
  `CicloEscolarA2` varchar(4) DEFAULT NULL,
  `CicloEscolarA1` varchar(4) DEFAULT NULL,
  `Semestre` varchar(2) DEFAULT NULL,
  `Estatus` varchar(10) NOT NULL DEFAULT 'ACTIVO',
  `FechaRegistro` datetime NOT NULL DEFAULT CURRENT_TIMESTAMP,
  PRIMARY KEY (`IdCicloEscolar`)
) ENGINE=InnoDB AUTO_INCREMENT=54 DEFAULT CHARSET=latin1;
/*!40101 SET character_set_client = @saved_cs_client */;

--
-- Dumping data for table `CicloEscolar`
--

LOCK TABLES `CicloEscolar` WRITE;
/*!40000 ALTER TABLE `CicloEscolar` DISABLE KEYS */;
INSERT INTO `CicloEscolar` VALUES (44,'2018-09-27','2018-09-28','2019','2014','12','INACTIVO','2018-09-26 22:38:20'),(45,'2015-09-27','2018-09-27','2018','2015','2','ACTIVO','2018-09-26 22:52:47'),(46,'2018-09-27','2018-09-27','2022','2020','3','INACTIVO','2018-09-26 23:15:45'),(47,'2018-09-27','2018-09-27','3213','2131','1','INACTIVO','2018-09-26 23:37:13'),(48,'2018-09-27','2018-09-27','2029','2019','1','INACTIVO','2018-09-27 00:21:05'),(49,'2018-09-27','2018-09-27','2029','2019','12','INACTIVO','2018-09-27 00:21:33'),(50,'2018-09-27','2018-09-27','3123','1231','12','INACTIVO','2018-09-27 00:22:29'),(51,'2018-09-27','2018-09-27','3213','2131','12','INACTIVO','2018-09-27 00:23:40'),(52,'2018-09-27','2019-09-27','0001','0000','1','ACTIVO','2018-09-27 00:24:47'),(53,'2018-09-27','2018-09-27','1212','1231','1','ACTIVO','2018-09-27 00:27:04');
/*!40000 ALTER TABLE `CicloEscolar` ENABLE KEYS */;
UNLOCK TABLES;

--
-- Table structure for table `atencionua`
--

DROP TABLE IF EXISTS `atencionua`;
/*!40101 SET @saved_cs_client     = @@character_set_client */;
/*!40101 SET character_set_client = utf8 */;
CREATE TABLE `atencionua` (
  `idClaveTutor` varchar(5) NOT NULL,
  `idNumAtenc` int(11) NOT NULL,
  `FecAtenc` date NOT NULL,
  `UniAcad` varchar(5) NOT NULL,
  `TipoAtenc` varchar(35) NOT NULL,
  `TotalA` int(11) NOT NULL,
  `PerApoy` varchar(5) DEFAULT NULL,
  `TemaAtenc` varchar(100) NOT NULL,
  `Observ` varchar(400) NOT NULL,
  `Evid1` blob,
  `Evid2` blob,
  `Evid3` blob,
  PRIMARY KEY (`idClaveTutor`,`idNumAtenc`)
) ENGINE=InnoDB DEFAULT CHARSET=utf8;
/*!40101 SET character_set_client = @saved_cs_client */;

--
-- Dumping data for table `atencionua`
--

LOCK TABLES `atencionua` WRITE;
/*!40000 ALTER TABLE `atencionua` DISABLE KEYS */;
/*!40000 ALTER TABLE `atencionua` ENABLE KEYS */;
UNLOCK TABLES;

--
-- Table structure for table `condnee`
--

DROP TABLE IF EXISTS `condnee`;
/*!40101 SET @saved_cs_client     = @@character_set_client */;
/*!40101 SET character_set_client = utf8 */;
CREATE TABLE `condnee` (
  `IDCondNEE` varchar(5) NOT NULL,
  `CondDisc` varchar(90) NOT NULL,
  `DescCond` varchar(1500) NOT NULL,
  `EstratMet` varchar(1500) DEFAULT NULL,
  `EstratEval` varchar(1500) DEFAULT NULL,
  `OtrasRec` varchar(1500) DEFAULT NULL,
  `Biblio` varchar(150) DEFAULT NULL,
  PRIMARY KEY (`IDCondNEE`),
  UNIQUE KEY `idcondnee_UNIQUE` (`IDCondNEE`)
) ENGINE=InnoDB DEFAULT CHARSET=utf8;
/*!40101 SET character_set_client = @saved_cs_client */;

--
-- Dumping data for table `condnee`
--

LOCK TABLES `condnee` WRITE;
/*!40000 ALTER TABLE `condnee` DISABLE KEYS */;
INSERT INTO `condnee` VALUES ('00101','DISCAPACIDAD VISUAL - CEGUERA',' REFERIR A LA DEFINICIÓN DE DISCAPACIDAD VISUAL ES ENGLOBAR A DIVERSIDAD DE ASPECTOS ENTRE LOS QUE SE ENCUENTRAN LOS SIGUIENTES: LA AGUDEZA VISUAL, EL CAMPO VISUAL, VISIÓN BINOCULAR ENTRE OTRAS, PERO, PARA EL TEMA EDUCATIVO INTERESA LA AGUDEZA VISUAL Y EL CAMPO VISUAL. ASÍ MISMO, DENTRO DE ESTA DISCAPACIDAD SE PUEDE HABLAR DE DEFICIENCIAS VISUALES COMO AQUELLOS TRASTORNOS QUE OCASIONAN DIFICULTADES EN EL PROCESO DE PERCEPCIÓN DE LOS OBJETOS AL INTERIOR DEL CONTEXTO DONDE SE DESENVUELVE. ','- ES CONVENIENTE PONERSE EN CONTACTO CON EL ESTUDIANTE CON DISCAPACIDAD VISUAL PARA CONOCER SUS NECESIDADES ESPECÍFICAS Y PODER DESARROLLAR EN EL AULA UNA METODOLOGÍA QUE FAVOREZCA SU PARTICIPACIÓN EN LA DINÁMICA DE LA MISMA.\r\n- USAR CON NATURALIDAD PALABRAS COMO VER, MIRAR, ESTAS PALABRAS FORMAN PARTE DEL VOCABULARIO DE LA PERSONA CON DISCAPACIDAD VISUAL Y COMO CUALQUIER OTRA, LAS USA PARA EXPRESAR SU MANERA DE REFLEXIONAR.\r\n','- DURANTE LA REALIZACIÓN DE EXÁMENES ORALES SE SUGIERE GRABAR, Y TENER LA OPORTUNIDAD DE ANALIZAR DETALLADAMENTE EL PROCESO DE EVALUACIÓN.\r\n- CONSIDERAR QUE AL PRESENTAR LIMITACIÓN VISUAL EL ESTUDIANTE DESARROLLA CON RITMO LENTO SUS ACTIVIDADES, POR LO QUE PARA EL USO DE MATERIALES ESPECÍFICOS, DEBE DISPONER DE MÁS TIEMPO PARA SU EJECUCIÓN, SIENDO HASTA UN 50% MÁS DEL TIEMPO ESTABLECIDO. SI ESTO NO ES POSIBLE SE PODRÍA REDUCIR EL NÚMERO DE PREGUNTAS O EJERCICIOS.','- CONSIDERAR EL USO DE LA TECNOLOGÍA INFORMÁTICA, EN ESTE CASO DISPOSITIVOS TIFLOTÉCNICOS, LOS CUALES PERMITEN UNA COMUNICACIÓN MÁS FLUIDA ENTRE ESTUDIANTES CON DISCAPACIDAD VISUAL Y EL PROFESOR, TENIENDO MAYOR CANTIDAD DE CANALES DE COMUNICACIÓN.',''),('00102','DISCAPACIDAD VISUAL - BAJA VISION','GRADO DE VISIÓN PARCIAL QUE PERMITE SU UTILIZACIÓN COMO CANAL PRIMARIO PARA APRENDER Y LOGRAR INFORMACIÓN. LOS ALUMNOS CON BAJA VISIÓN SON LOS QUE A PESAR DE USAR LENTES O ANTEOJOS, VEN O DISTINGUEN CON GRAN DIFICULTAD LOS OBJETOS A UNA DISTANCIA MUY CORTA Y REQUIEREN DE APOYOS ESPECÍFICOS (POR EJEMPLO: LUPAS, BASTÓN BLANCO, CONTRASTES DE COLOR, BINOCULARES, PANTALLAS AMPLIFICADORAS Y TEXTOS EN MACROTIPO). PUEDEN LEER LETRAS IMPRESAS SÓLO DE GRAN TAMAÑO Y CLARIDAD. \r\n\r\nLOS ALUMNOS CON BAJA VISIÓN, A DIFERENCIA DE AQUELLOS CON CEGUERA, CONSERVAN TODAVÍA UN RESTO DE VISIÓN ÚTIL PARA SU VIDA DIARIA. LA BAJA VISIÓN PUEDE SER PROGRESIVA Y CONVERTIRSE EN CEGUERA. DE ACUERDO CON ESTA DEFINICIÓN LOS ALUMNOS QUE USAN LENTES O ANTEOJOS COMUNES PARA CORREGIR SU PROBLEMA VISUAL, NO ENTRAN EN ESTA CLASIFICACIÓN.','','','',''),('00203','DISCAPACIDAD AUDITIVA - SORDERA','LOS ALUMNOS Y ALUMNAS CON DISCAPACIDAD AUDITIVA SON AQUELLOS QUE TIENEN UNA AUDICIÓN DEFICIENTE QUE AFECTA A AMBOS OÍDOS, ES DECIR PADECEN PÉRDIDAS AUDITIVAS BILATERALES. LAS PÉRDIDAS UNILATERALES (UN SOLO OÍDO) PERMITEN UNA AUDICIÓN NORMAL, NO PRESENTANDO NECESARIAMENTE ALTERACIONES EN EL LENGUAJE. LA DISFUNCIÓN MÁS SIGNIFICATIVA QUE PRESENTAN LAS PÉRDIDAS UNILATERALES ES LA DIFICULTAD PARA LOCALIZAR LA FUENTE SONORA. \r\n\r\nA LA HORA DE HABLAR DE ALUMNADO CON DISCAPACIDAD AUDITIVA PODEMOS CLASIFICARLOS EN DOS GRANDES GRUPOS: ALUMNADO CON HIPOACUSIA Y ALUMNADO CON SORDERA. LOS ALUMNOS Y ALUMNAS CON HIPOACUSIA SON AQUELLOS QUE  AUN PADECIENDO UNA PÉRDIDA DE AUDICIÓN, SON CAPACES DE ADQUIRIR POR VÍA AUDITIVA EL LENGUAJE ORAL Y UTILIZAR EL MISMO DE MANERA FUNCIONAL EN SU PROCESO COMUNICATIVO, AUNQUE NECESITARÁN EN LA MAYORÍA DE LOS CASOS DEL USO DE UNAS PRÓTESIS ADECUADAS. SE CONSIDERA QUE UNA PERSONA PRESENTA SORDERA, CUANDO SU PÉRDIDA AUDITIVA ES DE TAL GRADO QUE SUS RESTOS AUDITIVOS NO SON APROVECHABLES Y SE ENCUENTRA INCAPACITADO PARA ADQUIRIR LA LENGUA ORAL POR VÍA AUDITIVA, CONVIRTIÉNDOSE LA VISIÓN EN SU PRINCIPAL CANAL DE COMUNICACIÓN.\r\n\r\nLA ADQUISICIÓN DE UN CÓDIGO COMUNICATIVO ORAL SE REALIZA EN LOS PRIMEROS AÑOS DE VIDA, MEDIANTE LA AUDICIÓN CONTINUA Y REPETIDA DEL LENGUAJE. EN EL CASO DE LAS SORDERAS PROFUNDAS, EL ALUMNADO CON SORDERA NO CUENTA CON ESTE MODELO AUDITIVO Y POR TANTO SE PRODUCE UNA MUDEZ, QUE NO ES PRODUCIDA POR LA SORDERA, SINO CONSECUENCIA DE ELLA. ','• COLOCAR AL ALUMNO EN LAS PRIMERAS FILAS.\r\nQUE EL AULA SE ENCUENTRE DEBIDAMENTE ILUMINADA.\r\n• QUE EL ROSTRO DEL PROFESOR SEA TOTALMENTE VISIBLE PARA EL ALUMNO.\r\n• HABLARLE CLARO Y NATURALMENTE, NO HABLAR DEMASIADO RÁPIDO.\r\n• NO EXAGERAR EL MOVIMIENTO DE LOS LABIOS.\r\n• ESCRIBIR CON UN LENGUAJE SENCILLO, SIMPLE Y DIRECTO.\r\n• ACLARAR CUALQUIER PALABRA QUE NO SE ENTIENDA.\r\n• ASIGNAR UN INTÉRPRETE DE LSM SI EL ALUMNO SE COMUNICA DE ESTA MANERA.\r\n• EVITAR USAR ABREVIATURAS.\r\n• UTILIZAR MATERIAL VISUAL (IMÁGENES, VIDEOS, MAPAS, DIAGRAMAS, ETC.),\r\nPRESENTACIONES DE POWER POINT.\r\n• COMPLEMENTAR EL LENGUAJE CON GESTOS Y EXPRESIONES FACIALES.\r\n• ELABORAR EXÁMENES ILUSTRATIVOS, CON PREGUNTAS SENCILLAS Y DE OPCIÓN\r\nMÚLTIPLE, SEPARADO POR TEMAS Y CON UN LENGUAJE ACORDE AL NIVEL DE\r\nLECTO-ESCRITURA DEL ALUMNO.\r\n• APOYARSE DEL TAE PARA LA ELABORACIÓN DE ESTRATEGIAS Y EXÁMENES.\r\n• ASIGNAR UN ASESOR PAR, QUE BRINDE APOYO EN EL AULA PARA REALIZAR ACTIVIDADES ACADÉMICAS, DE INTEGRACIÓN Y SOCIALIZACIÓN.\r\n• DE PREFERENCIA UTILIZAR PROYECTOR Y COMPUTADORA PARA LAS CLASES EN EL\r\nAULA.\r\n• UTILIZAR MATERIALES MANIPULABLES QUE FACILITEN EL APRENDIZAJE.\r\n• FOMENTAR EL TRABAJO EN EQUIPO.\r\n• CANALIZAR AL CENTRO DE APOYO ADIUAS A CURSOS DE ESPAÑOL PARA PERSONAS SORDAS O A CURSOS DE LSM.\r\n• UTILIZAR ESTRATEGIAS DE ENSEÑANZA INTERACTIVAS QUE IMPLIQUEN EL USO DE TODOS LOS SENTIDOS.\r\n• CONSIDERAR QUE EL ESPAÑOL NO ES SU PRIMER IDIOMA.\r\n• EVITAR EVALUAR ORTOGRAFÍA Y REDACCIÓN.\r\n• EVALUAR POR LOGROS Y PROCESOS.','ES PRECISO QUE, AL MOMENTO DE LLEGAR A LA ETAPA DE EVALUACIÓN, SE ASEGURE PONER EN PRÁCTICA MEDIDAS CONCRETAS QUE PERMITAN AL ESTUDIANTE CON PROBLEMAS DE AUDICIÓN EVIDENCIE LAS COMPETENCIAS ADQUIRIDAS, ELIMINANDO LAS POSIBLES BARRERAS DE COMUNICACIÓN QUE PUDIERAN PRESENTARSE, RESTANDO EFECTIVIDAD AL PROCESO. PARA ELLO SE SUGIERE QUE EL PROFESOR:\r\n\r\n* ELIJA ESTRATÉGICAMENTE EL TIPO DE PRUEBA QUE PRESENTE LAS ALTERNATIVAS SUFICIENTES PARA TOMAR UNA DECISIÓN ACERTADA. SEAN PREGUNTAS ABIERTAS, DE COMPLEMENTO, EXAMEN ORAL, O CUALQUIER OTRO, ASÍ COMO CONSIDERAR LA AMPLIACIÓN DEL TIEMPO EN LA REALIZACIÓN, SIN PERDER DE VISTA LOS PROPÓSITOS DE APRENDIZAJE DE LA ASIGNATURA.\r\n* AL ESTAR EXPLICANDO EN CLASE, UTILIZAR UN LENGUAJE APROPIADO, CON VOZ NORMAL, HACIENDO PAUSAS Y CON VOCALIZACIÓN CORRECTA, PERO SIN LLEGAR A LA EXAGERACIÓN. ASÍ MISMO, EVITAR TAPARSE LA BOCA O TENER ALGÚN OBJETO QUE DIFICULTE LA RECEPCIÓN DE LA INFORMACIÓN POR PARTE DEL ESTUDIANTE.\r\n* CUANDO SE CUENTE CON DOS EXPOSITORES, SEAN PROFESORES O TRABAJOS DE EXPOSICIONES EN EQUIPO, EVITAR HABLAR AL MISMO TIEMPO MÁS DE DOS PERSONAS, YA QUE ESTO CAUSA PROBLEMAS DE INTERPRETACIÓN, Y RECORDAR QUE EL ESTUDIANTE CON  DISCAPACIDAD PUDIERA ESTAR LEYENDO EL MOVIMIENTO DE LOS LABIOS PARA COMPRENDER.\r\n','MÁS Y MÁS','MANUAL DE ATENCIÓN AL ALUMNADO CON NECESIDADES ESPECIFICAS DE APOYO EDUCATIVO DERIVADAS DE DISCAPACIDAD AUDITIVA;  ESTRATEGIAS METODOLÓGICAS Y MÁS '),('00204','DISCAPACIDAD AUDITIVA - HIPOACUSIA','PÉRDIDA AUDITIVA DE SUPERFICIAL A MODERADA, NO OBSTANTE, RESULTA FUNCIONAL PARA LA VIDA DIARIA;    AUNQUE SE NECESITA EL USO DE AUXILIARES AUDITIVOS. LAS PERSONAS QUE PRESENTAN HIPOACUSIA DE SUPERFICIAL A MODERADA, EN ALGUNOS CASOS, PUEDEN ADQUIRIR EL LENGUAJE ORAL A TRAVÉS DE LA RETROALIMENTACIÓN DE INFORMACIÓN QUE RECIBEN POR LA VÍA AUDITIVA. ','','','',''),('00305','DISCAPACIDAD MOTRIZ','AQUELLA QUE AFECTA A LA PERSONA CUANDO A CAUSA DE UN DAÑO FÍSICO O NEUROLÓGICO NO LOGRA O SE LE DIFICULTA REALIZAR ACTIVIDADES QUE REQUIERAN DE ALGÚN TIPO DE MOVIMIENTO, COORDINACIÓN CORPORAL, DIFICULTADES EN EL CONTROL Y MANTENIMIENTO DEL MOVIMIENTO Y POSTURA. LAS ADECUACIONES ARQUITECTÓNICAS Y LOS APOYOS PERSONALES COMO: SILLA DE RUEDAS, MULETAS Y ANDADERAS, FACILITAN LA AUTONOMÍA Y LA INTERACCIÓN DEL ALUMNO CON SU ENTORNO. ','','','',''),('00406','DISCAPACIDAD INTELECTUAL','SE CARACTERIZA POR LIMITACIONES SIGNIFICATIVAS TANTO EN FUNCIONAMIENTO INTELECTUAL (RAZONAMIENTO, PLANIFICACIÓN Y SOLUCIÓN DE PROBLEMAS, PENSAMIENTO ABSTRACTO, COMPRENSIÓN DE IDEAS COMPLEJAS, APRENDER CON RAPIDEZ Y APRENDER DE LA EXPERIENCIA) COMO EN CONDUCTAS ADAPTATIVAS (CONCEPTUALES, SOCIALES Y PRÁCTICAS), QUE SE HAN APRENDIDO Y SE PRACTICAN POR LAS PERSONAS EN SU VIDA COTIDIANA','','','',''),('00507','DISCAPACIDAD MULTIPLE','PRESENCIA DE DOS O MÁS DISCAPACIDADES EN LA MISMA PERSONA: FÍSICA, SENSORIAL Y/O INTELECTUAL; POR LO QUE REQUIERE DE APOYOS GENERALIZADOS EN DIFERENTES ÁREAS DE LAS HABILIDADES ADAPTATIVAS Y EN LA MAYORÍA DE LAS ÁREAS DEL DESARROLLO. EN CONSECUENCIA, ESTOS ALUMNOS PUEDEN TENER UN MAYOR NÚMERO DE BARRERAS SOCIALES QUE IMPIDEN SU PLENA Y EFECTIVA PARTICIPACIÓN. ','','','',''),('00608','DISCAPACIDAD MENTAL O PSICOSOCIAL','ES UNA CONDICIÓN DE VIDA TEMPORAL O PERMANENTE, QUE APARECE GENERALMENTE DURANTE LA ADOLESCENCIA O EN LOS PRIMEROS AÑOS DE LA ADULTEZ. AFECTA DIRECTAMENTE LAS FUNCIONES MENTALES Y DE INTERRELACIÓN DE LA PERSONA Y LIMITA SU CAPACIDAD PARA EJERCER UNA O MÁS ACTIVIDADES ESENCIALES DE LA VIDA DIARIA. \r\n\r\nDERIVADA DEL MODELO SOCIAL QUE INCORPORA EL ENFOQUE DE DERECHOS HUMANOS A EL ENFOQUE MEDICO, RECIENTEMENTE HA SURGIDO EL TERMINO DISCAPACIDAD PSICOSOCIAL, QUE SE DEFINE COMO RESTRICCIÓN CAUSADA POR EL ENTORNO SOCIAL Y CENTRADA EN UNA DEFICIENCIA TEMPORAL O PERMANENTE DE LA PSIQUE DEBIDA A LA FALTA DE DIAGNOSTICO OPORTUNO Y TRATAMIENTO ADECUADO DE LA SIGUIENTE DISFUNCIONES MENTALES: DEPRESIÓN MAYOR, TRASTORNO BIPOLAR, TRASTORNO LÍMITE DE LA PERSONALIDAD, TRASTORNO OBSESIVO-COMPULSIVO, TRASTORNO DE ANSIEDAD, TRASTORNOS GENERALIZADOS DEL DESARROLLO, TRASTORNO DE PÁNICO CON ESTRÉS POSTRAUMÁTICO, TRASTORNO FRONTERIZO, ESQUIZOFRENIA, TRASTORNO ESQUIZO-AFECTIVO, TRASTORNOS ALIMENTARIOS (ANOREXIA Y BULIMIA) Y TRASTORNO DUAL (QUE ES UNA DE ESTAS DISFUNCIONES PERO CON UNA O MÁS ADICCIONES).','','','',''),('00709','AUTISMO','TRASTORNO GENERALIZADO DEL DESARROLLO QUE SE REFLEJA EN ALGUNA DE LAS SIGUIENTES CARACTERÍSTICAS:\r\n\r\n•+EN LAS RELACIONES SOCIALES (ALTERACIÓN EN LAS MANIFESTACIONES NO VERBALES, EXPRESIÓN FACIAL, MIRADA, INCAPACIDAD PARA DESARROLLAR RELACIONES CON IGUALES, AUSENCIA DE CONDUCTAS ESPONTANEAS: SEÑALAR, MOSTRAR INTERÉS EN ALGO, ETC.),\r\n\r\n+EN LA COMUNICACIÓN (RETRASO O AUSENCIA DEL DESARROLLO DEL LENGUAJE ORAL, PERSONAS CON UN LENGUAJE ADECUADO TIENEN PROBLEMAS PARA INICIAR O MANTENER UNA CONVERSACIÓN, EMPLEO ESTEREOTIPADO O REPETITIVO DEL LENGUAJE),\r\n\r\n+EN PATRONES DE CONDUCTA INADECUADOS (PREOCUPACIÓN EXCESIVA POR UN FOCO DE INTERÉS, ADHESIÓN INFLEXIBLE A RUTINAS ESPECÍFICAS NO FUNCIONALES, ESTEREOTIPIAS MOTORAS REPETITIVAS: SACUDIDAS DE MANOS, RETORCER LOS DEDOS, ETC.).\r\n','','','',''),('00911','PROBLEMAS DE COMUNICACIÓN Y LENGUAJE','SE REFIERE A DIFICULTADES EN LA ARTICULACIÓN, FONACIÓN, COMPRENSIÓN Y/O ESTRUCTURACIÓN DEL LENGUAJE, VOCABULARIO LIMITADO, O LA FALTA DE COMPRENSIÓN O INTENCIONALIDAD COMUNICATIVA, QUE AFECTAN EL INTERCAMBIO DE IDEAS. DICHAS DIFICULTADES PUEDEN SER RECEPTIVAS (HABILIDAD PARA COMPRENDER EL LENGUAJE O LA COMUNICACIÓN) O EXPRESIVAS (HABILIDAD PARA CREAR Y EXPRESAR UN MENSAJE QUE OTROS PUEDAN COMPRENDER). LOS PROBLEMAS DE LENGUAJE MÁS COMUNES SON: DIFICULTADES DEL LENGUAJE: ANÁRTRIAS, DISFASIAS O AFASIAS; DIFICULTADES DEL HABLA: DISLALIAS, DISGLOSIAS, DISARTRIAS Y DISFEMIAS O TARTAMUDEO; Y DIFICULTADES DE LA VOZ: DISFONÍAS Y AFONÍAS.','','','',''),('01012','PROBLEMAS DE CONDUCTA','MANIFESTACIÓN FRECUENTE, PERSISTENTE E INTENSA DE UNA CONDUCTA DIFERENTE A LAS SITUACIONES SOCIALMENTE ESPERADAS Y EN UN CONTEXTO DETERMINADO; OCASIONADA POR CAUSAS INTERNAS DEL SUJETO (FACTORES PSICOLÓGICOS, EMOCIONALES O DE ESTRUCTURA Y FUNCIONAMIENTO EN SU ORGANISMO), O CAUSAS EXTERNAS (ENCONTRARSE EN AMBIENTES DESFAVORABLE O VIOLENTOS), O A LA INTERACCIÓN DE AMBAS. PUEDE EXPRESARSE DE DIFERENTES MANERAS, COMO UNA NECESIDAD DE LLAMAR LA ATENCIÓN, UNA FUERTE INQUIETUD O IMPACIENCIA, A TRAVÉS DE LA AGRESIÓN, AUSENTISMO O DEPRESIÓN, AFECTANDO O INTERVINIENDO EN SU DESEMPEÑO ACADÉMICO, PARTICIPACIÓN Y ENTORNO SOCIAL.  (AGRESIVIDAD EXTREMA, INHIBICIÓN EXTREMA, DÉFICIT DE ATENCIÓN CON O SIN HIPERACTIVIDAD).','','','',''),('01113','PROBLEMAS DE APRENDIZAJE','SE REFIERE A LAS DIFICULTADES QUE SE MANIFIESTAN AL ADQUIRIR Y DESARROLLAR HABILIDADES PARA ESCUCHAR (PONER ATENCIÓN Y DESCIFRAR UN MENSAJE), HABLAR, LEER, ESCRIBIR O REALIZAR CÁLCULOS MATEMÁTICOS. ESTAS DIFICULTADES SON INTRÍNSECAS AL INDIVIDUO Y DEBIDAS A UNA DISFUNCIÓN DEL SISTEMA NERVIOSO CENTRAL. \r\n\r\nESTÁN FUERA DE ESTE CONCEPTO LOS ALUMNOS CUYAS DIFICULTADES SE DEBEN A UNA DISCAPACIDAD O A SITUACIONES AMBIENTALES COMO: DIFERENCIAS CULTURALES, LINGÜÍSTICAS, REZAGO EDUCATIVO, DESNUTRICIÓN, O BIEN CUANDO EL ALUMNO RECIBE UNA DIDÁCTICA INSUFICIENTE O INADECUADA. \r\n\r\nES IMPORTANTE OBSERVAR AL ALUMNO EN LA REALIZACIÓN DE DISTINTAS ACTIVIDADES ESCOLARES COMO: AL ATENDER A UNA LECTURA, SEGUIR INSTRUCCIONES, ESCRIBIR, TRABAJAR EN EQUIPO, ENTRE OTRAS; PARA RECONOCER LAS NECESIDADES QUE PRESENTE E IDENTIFICAR LAS ESTRATEGIAS Y APOYOS QUE REQUIERE.','','','',''),('01214','ASOCIADAS A PROBLEMAS SOCIALES O CULTURALES','POBREZA EXTREMA, HUÉRFANOS (PADRE Y MADRE), HABLANTES DE LENGUA INDÍGENA O EXTRANJEROS CUYA LENGUA MATERNA NO SEA EL ESPAÑOL Y ÉSTE LO ESTÉN APRENDIENDO. ','','','',''),('01315','EMBARAZADAS','EMBARAZADAS O MADRES SOLTERAS.','','','',''),('01416','TRASTORNOS SEVEROS DE LA SALUD','ENFERMEDADES CRÓNICAS DEGENERATIVAS QUE HACEN QUE EL ALUMNO COMPARTA LA ESCUELA CON UN HOSPITAL O UN CENTRO DE REHABILITACIÓN.','','','',''),('08101','ALUMNO CON APTITUDES SOBRESALIENTES - ARTÍSTICA','ES AQUÉL CAPAZ DE DESTACAR SIGNIFICATIVAMENTE DEL GRUPO SOCIAL Y EDUCATIVO AL QUE PERTENECE EN UNO O MÁS DE LOS SIGUIENTES CAMPOS DEL QUEHACER HUMANO: CIENTÍFICO-TECNOLÓGICO, HUMANÍSTICO-SOCIAL, ARTÍSTICO O DE ACCIÓN MOTRIZ. ESTOS ALUMNOS, POR PRESENTAR NECESIDADES EDUCATIVAS ESPECÍFICAS, REQUIEREN DE UN CONTEXTO FACILITADOR QUE LES PERMITA DESARROLLAR SUS CAPACIDADES Y SATISFACER SUS NECESIDADES E INTERESES, EN BENEFICIO PROPIO Y EL DE LA SOCIEDAD. \r\n\r\nCOMPRENDE LA DISPOSICIÓN DE RECURSOS PARA LA EXPRESIÓN E INTERPRETACIÓN ESTÉTICA DE IDEAS Y SENTIMIENTOS, A TRAVÉS DE LAS DISTINTAS DISCIPLINAS ARTÍSTICAS: LA DANZA, LA MÚSICA, LAS ARTES VISUALES Y EL TEATRO. IMPLICA LA CAPACIDAD DE RAZONAMIENTO ABSTRACTO, SENSIBILIDAD ESTÉTICA, CREATIVIDAD Y HABILIDADES MOTRICES. ','','','',''),('08102','ALUMNO CON APTITUDES SOBRESALIENTES - CREATIVA','ES AQUÉL CAPAZ DE DESTACAR SIGNIFICATIVAMENTE DEL GRUPO SOCIAL Y EDUCATIVO AL QUE PERTENECE EN UNO O MÁS DE LOS SIGUIENTES CAMPOS DEL QUEHACER HUMANO: CIENTÍFICO-TECNOLÓGICO, HUMANÍSTICO-SOCIAL, ARTÍSTICO O DE ACCIÓN MOTRIZ. ESTOS ALUMNOS, POR PRESENTAR NECESIDADES EDUCATIVAS ESPECÍFICAS, REQUIEREN DE UN CONTEXTO FACILITADOR QUE LES PERMITA DESARROLLAR SUS CAPACIDADES Y SATISFACER SUS NECESIDADES E INTERESES, EN BENEFICIO PROPIO Y EL DE LA SOCIEDAD. \r\n\r\nCOMPRENDE LA CAPACIDAD DE PRODUCIR GRAN NÚMERO DE IDEAS, DIFERENTES ENTRE SÍ Y POCO FRECUENTES, LO QUE SE CONCRETA EN LA GENERACIÓN DE PRODUCTOS ORIGINALES Y NOVEDOSOS COMO RESPUESTA APROPIADA A LAS SITUACIONES Y PROBLEMAS PLANTEADOS POR EL MEDIO. ','','','',''),('08103','ALUMNO CON APTITUDES SOBRESALIENTES - INTELECTUAL','ES AQUÉL CAPAZ DE DESTACAR SIGNIFICATIVAMENTE DEL GRUPO SOCIAL Y EDUCATIVO AL QUE PERTENECE EN UNO O MÁS DE LOS SIGUIENTES CAMPOS DEL QUEHACER HUMANO: CIENTÍFICO-TECNOLÓGICO, HUMANÍSTICO-SOCIAL, ARTÍSTICO O DE ACCIÓN MOTRIZ. ESTOS ALUMNOS, POR PRESENTAR NECESIDADES EDUCATIVAS ESPECÍFICAS, REQUIEREN DE UN CONTEXTO FACILITADOR QUE LES PERMITA DESARROLLAR SUS CAPACIDADES Y SATISFACER SUS NECESIDADES E INTERESES, EN BENEFICIO PROPIO Y EL DE LA SOCIEDAD. \r\n\r\nSE DEFINE COMO EL NIVEL ELEVADO DE RECURSOS COGNOSCITIVOS PARA ADQUIRIR Y MANEJAR CONTENIDOS VERBALES, LÓGICOS, NUMÉRICOS, ESPACIALES, FIGURATIVOS Y OTROS, PROPIOS DE TAREAS INTELECTUALES. ESTA APTITUD SE CENTRA EN EL CONOCIMIENTO ACADÉMICO, PERMITIÉNDOLE AL ALUMNO TENER UNA ALTA EFICIENCIA EN EL ALMACENAMIENTO Y LA RECUPERACIÓN DE CUALQUIER TIPO DE INFORMACIÓN NECESARIA PARA LA ADQUISICIÓN DE CONTENIDOS ESCOLARES. SINDROME DE DOWN.','','','',''),('08104','ALUMNO CON APITUDES SOBRESALIENTES - PSICOMOTRIZ','ES AQUÉL CAPAZ DE DESTACAR SIGNIFICATIVAMENTE DEL GRUPO SOCIAL Y EDUCATIVO AL QUE PERTENECE EN UNO O MÁS DE LOS SIGUIENTES CAMPOS DEL QUEHACER HUMANO: CIENTÍFICO-TECNOLÓGICO, HUMANÍSTICO-SOCIAL, ARTÍSTICO O DE ACCIÓN MOTRIZ. ESTOS ALUMNOS, POR PRESENTAR NECESIDADES EDUCATIVAS ESPECÍFICAS, REQUIEREN DE UN CONTEXTO FACILITADOR QUE LES PERMITA DESARROLLAR SUS CAPACIDADES Y SATISFACER SUS NECESIDADES E INTERESES, EN BENEFICIO PROPIO Y EL DE LA SOCIEDAD. \r\n\r\nES LA CAPACIDAD PARA EMPLEAR EL CUERPO EN FORMAS DIFERENCIADAS CON PROPÓSITOS EXPRESIVOS Y PARA EL LOGRO DE METAS. LA MANIFESTACIÓN DE ESTA APTITUD IMPLICA HACER USO DE HABILIDADES FÍSICO-MOTRICES, COGNOSCITIVAS Y AFECTIVO-SOCIALES.','','','',''),('08105','ALUMNO CON APTITUDES SOBRESALIENTES - CON TALENTO ESPECIFICO','ES AQUÉL CAPAZ DE DESTACAR SIGNIFICATIVAMENTE DEL GRUPO SOCIAL Y EDUCATIVO AL QUE PERTENECE EN UNO O MÁS DE LOS SIGUIENTES CAMPOS DEL QUEHACER HUMANO: CIENTÍFICO-TECNOLÓGICO, HUMANÍSTICO-SOCIAL, ARTÍSTICO O DE ACCIÓN MOTRIZ. ESTOS ALUMNOS, POR PRESENTAR NECESIDADES EDUCATIVAS ESPECÍFICAS, REQUIEREN DE UN CONTEXTO FACILITADOR QUE LES PERMITA DESARROLLAR SUS CAPACIDADES Y SATISFACER SUS NECESIDADES E INTERESES, EN BENEFICIO PROPIO Y EL DE LA SOCIEDAD. \r\n\r\nES AQUEL QUE PRESENTA UN CONJUNTO DE COMPETENCIAS QUE LO CAPACITAN PARA DOMINAR LA INFORMACIÓN EN UN ÁREA CONCRETA; LO ESENCIAL EN EL TALENTO ES QUE ES ESPECÍFICO, A DIFERENCIA DE LAS APTITUDES SOBRESALIENTES. EN CONSECUENCIA, ESTOS ALUMNOS REQUIEREN DE INSTRUMENTOS DE EVALUACIÓN PROPIOS DE CADA ÁREA Y UNA ATENCIÓN DIFERENCIADA PARA QUE DESARROLLEN DICHO TALENTO. ','','','','');
/*!40000 ALTER TABLE `condnee` ENABLE KEYS */;
UNLOCK TABLES;

--
-- Table structure for table `estilo_aprend`
--

DROP TABLE IF EXISTS `estilo_aprend`;
/*!40101 SET @saved_cs_client     = @@character_set_client */;
/*!40101 SET character_set_client = utf8 */;
CREATE TABLE `estilo_aprend` (
  `IDEstiloAprend` varchar(5) NOT NULL,
  `EstiloAprend` varchar(90) NOT NULL,
  `DescEstilo` varchar(1500) NOT NULL,
  `Fortaleza` varchar(1500) DEFAULT NULL,
  `Debilidad` varchar(1500) DEFAULT NULL,
  `AdecMet` varchar(1500) DEFAULT NULL,
  `PropEval` varchar(1500) DEFAULT NULL,
  `OtraRec` varchar(1500) DEFAULT NULL,
  `Biblio` varchar(150) DEFAULT NULL,
  PRIMARY KEY (`IDEstiloAprend`),
  UNIQUE KEY `idestilo_aprend_UNIQUE` (`IDEstiloAprend`)
) ENGINE=InnoDB DEFAULT CHARSET=utf8;
/*!40101 SET character_set_client = @saved_cs_client */;

--
-- Dumping data for table `estilo_aprend`
--

LOCK TABLES `estilo_aprend` WRITE;
/*!40000 ALTER TABLE `estilo_aprend` DISABLE KEYS */;
/*!40000 ALTER TABLE `estilo_aprend` ENABLE KEYS */;
UNLOCK TABLES;

--
-- Table structure for table `estudiantesnee`
--

DROP TABLE IF EXISTS `estudiantesnee`;
/*!40101 SET @saved_cs_client     = @@character_set_client */;
/*!40101 SET character_set_client = utf8 */;
CREATE TABLE `estudiantesnee` (
  `IDNumCta` varchar(8) NOT NULL,
  `NomEst` varchar(25) NOT NULL,
  `ApePat` varchar(25) NOT NULL,
  `ApeMat` varchar(25) DEFAULT NULL,
  `UniReg` varchar(15) NOT NULL,
  `UniAcad` varchar(5) NOT NULL,
  `ProEdu` varchar(8) DEFAULT NULL,
  `AsesorAdi` varchar(5) NOT NULL,
  `Grupo` varchar(5) NOT NULL,
  `CURP` varchar(18) NOT NULL,
  `Promov` varchar(2) DEFAULT NULL,
  `Status` varchar(10) NOT NULL,
  `Foto` blob,
  `CondNEE` varchar(5) NOT NULL,
  `NEEsp` varchar(1000) NOT NULL,
  `LengAdic` varchar(50) DEFAULT NULL,
  `Clave911` varchar(10) DEFAULT NULL,
  `NumExp` varchar(5) DEFAULT NULL,
  `FecIng` date DEFAULT NULL,
  `Diagnost` blob,
  `PCA` blob,
  `Canalizac` blob,
  `EstiloAprend` varchar(5) DEFAULT NULL,
  `HabFort` varchar(1000) DEFAULT NULL,
  `Debilidades` varchar(1000) DEFAULT NULL,
  `ProfApoy` varchar(50) DEFAULT NULL,
  `OtrosApoy` varchar(50) DEFAULT NULL,
  `TelEst` varchar(13) DEFAULT NULL,
  `DirEst` varchar(90) DEFAULT NULL,
  `Entidad` varchar(20) DEFAULT NULL,
  `Munic` varchar(20) DEFAULT NULL,
  `Ciudad` varchar(30) DEFAULT NULL,
  `RedSoc` varchar(30) DEFAULT NULL,
  `Correo` varchar(30) DEFAULT NULL,
  `Web` varchar(30) DEFAULT NULL,
  `FamApoy` varchar(50) DEFAULT NULL,
  `TelFam` varchar(13) DEFAULT NULL,
  `OcuFam` varchar(30) DEFAULT NULL,
  `NivSoc` varchar(10) DEFAULT NULL,
  PRIMARY KEY (`IDNumCta`),
  UNIQUE KEY `idEstudiantesNEE_UNIQUE` (`IDNumCta`)
) ENGINE=InnoDB DEFAULT CHARSET=utf8;
/*!40101 SET character_set_client = @saved_cs_client */;

--
-- Dumping data for table `estudiantesnee`
--

LOCK TABLES `estudiantesnee` WRITE;
/*!40000 ALTER TABLE `estudiantesnee` DISABLE KEYS */;
INSERT INTO `estudiantesnee` VALUES ('10260935','BLANCA ESTELA','GAUCIN','RODRIGUEZ','CENTRO','02400','02400001','03011','01-06','GARB930305MSLCDL06','SI','ACTIVO',NULL,'00203','ESTA BIEN','',NULL,'','2018-06-27',NULL,NULL,NULL,'','','','','','6677-86-21-93','BALTAZAR 2970 COL 6 DE ENERO','SINALOA','CULIACÁN','CULIACAN','','','','','    -  -  -','','MEDIO'),('16656946','ALEJANDRO EMANUEL','MEZA','LOPEZ','CENTRO','02400','02400001','03011','01-02','MELA950901HSLZPL09','SI','ACTIVO',NULL,'00204','ESTA BIEN','',NULL,'','2018-06-27',NULL,NULL,NULL,'','','','','','6672-23-69-97','MERIDIANO #3783 ESPACIOS  BARCELONA','SINALOA','CULIACÁN','CULIACAN','','','','MAMA','6672-64-23-17','','MEDIO');
/*!40000 ALTER TABLE `estudiantesnee` ENABLE KEYS */;
UNLOCK TABLES;

--
-- Table structure for table `progedu`
--

DROP TABLE IF EXISTS `progedu`;
/*!40101 SET @saved_cs_client     = @@character_set_client */;
/*!40101 SET character_set_client = utf8 */;
CREATE TABLE `progedu` (
  `idProgEdu` varchar(8) NOT NULL,
  `NomPE` varchar(80) NOT NULL,
  `NivelEdu` varchar(15) NOT NULL,
  `UnidReg` varchar(15) NOT NULL,
  `UnidAcad` varchar(5) NOT NULL,
  PRIMARY KEY (`idProgEdu`),
  UNIQUE KEY `idProgEdu_UNIQUE` (`idProgEdu`)
) ENGINE=InnoDB DEFAULT CHARSET=utf8;
/*!40101 SET character_set_client = @saved_cs_client */;

--
-- Dumping data for table `progedu`
--

LOCK TABLES `progedu` WRITE;
/*!40000 ALTER TABLE `progedu` DISABLE KEYS */;
INSERT INTO `progedu` VALUES ('00230001','LICENCIATURA EN OPTOMETRIA','SUPERIOR','CENTRO','00230'),('00230002','SUBESPECIALIDAD EN NEONATOLOGIA','SUPERIOR','CENTRO','00230'),('00230003','ESPECIALIDAD EN ANESTESIOLOGIA','SUPERIOR','CENTRO','00230'),('00230004','ESPECIALIDAD EN CIRUGIA GENERAL','SUPERIOR','CENTRO','00230'),('00230005','ESPECIALIDAD EN DERMATOLOGIA','SUPERIOR','CENTRO','00230'),('00230006','ESPECIALIDAD EN GINECOLOGIA Y OBSTETRICIA','SUPERIOR','CENTRO','00230'),('00230007','ESPECIALIDAD EN IMAGENOLOGIA DIAGNOSTICA Y TERAPÉUTICA','SUPERIOR','CENTRO','00230'),('00230008','ESPECIALIDAD EN MEDICINA INTERNA','SUPERIOR','CENTRO','00230'),('00230009','ESPECIALIDAD EN MEDICINA PERIOPERATORIA Y ANESTESIA','SUPERIOR','CENTRO','00230'),('00230010','ESPECIALIDAD EN OCULOPLASTICA','SUPERIOR','CENTRO','00230'),('00230011','ESPECIALIDAD EN OFTALMOLOGIA','SUPERIOR','CENTRO','00230'),('00230012','ESPECIALIDAD EN OTORRINOLARINGOLOGÍA Y CIRUGÍA','SUPERIOR','CENTRO','00230'),('00230013','ESPECIALIDAD EN ANATOMÍA PATOLOGÍCA','SUPERIOR','CENTRO','00230'),('00230014','ESPECIALIDAD EN RETINA Y VITRIO','SUPERIOR','CENTRO','00230'),('00230015','ESPECIALIDAD EN ORTOPEDÍA Y TRAUMATOLOGÍA','SUPERIOR','CENTRO','00230'),('00230016','MAESTRÍA EN CIENCIAS CLINICAS','POSGRADO','CENTRO','00230'),('00300001','LICENCIATURA EN CIENCIAS DE LA EDUCACIÓN','SUPERIOR','CENTRO','00300'),('00300002','LICENCIATURA EN EDUCACIÓN MEDIA CON ACENTUACIÓN EN CIENCIAS SOCIALES Y HUMANIDAD','SUPERIOR','CENTRO','00300'),('00300003','LICENCIATURA EN EDUCACIÓN MEDIA CON ACENTUACIÓN EN ESPAÑOL','SUPERIOR','CENTRO','00300'),('00300004','LICENCIATURA EN EDUCACIÓN MEDIA CON ACENTUACIÓN EN MATEMATICAS','SUPERIOR','CENTRO','00300'),('00300005','LICENCIATURA EN CIENCIAS DE LA EDUCACION SEMIPRESENCIAL','SUPERIOR','CENTRO','00300'),('00300006','LIC EN EDUCACIÓN MEDIA CON ACENT EN CIENCIAS SOCIALES Y HUMANIDAD SEMIPRESENCIAL','SUPERIOR','CENTRO','00300'),('00300007','LICENCIATURA EN EDUCACIÓN MEDIA CON ACENTUACIÓN EN ESPAÑOL SEMIPRESENCIAL','SUPERIOR','CENTRO','00300'),('00300008','LICENCIATURA EN EDUCACIÓN MEDIA CON ACENTUACIÓN EN MATEMATICAS SEMIPRESENCIAL','SUPERIOR','CENTRO','00300'),('00300009','MAESTRÍA EN EDUCACIÓN','POSGRADO','CENTRO','00300'),('00300010','DOCTORADO EN EDUCACIÓN','POSGRADO','CENTRO','00300'),('00301001','LICENCIATURA EN CIENCIAS DE LA EDUCACION','SUPERIOR','NORTE','00301'),('00301002','LICENCIATURA EN EDUCACION MEDIA CON ACENTUACION EN ESPAÑOL','SUPERIOR','NORTE','00301'),('00303001','LICENCIATURA EN CIENCIAS DE LA EDUCACION SEMIESCOLARIZADA','SUPERIOR','SUR','00303'),('02010001','LICENCIATURA EN INGENIERÍA AGONÓMICA','SUPERIOR','CENTRO','02010'),('02010002','LICENCIATURA EN INGENIERÍA HORTICOLA ORNAMENTAL','SUPERIOR','CENTRO','02010'),('02010003','TÉCNICO SUPERIOR UNIVERSITARIO EN AGROZOOTECNIA SUSTENTABLE - EXT. ANGOSTURA ','SUPERIOR','CENTRO','02010'),('02010004','TÉCNICO SUPERIOR UNIVERSITARIO EN AGROZOOTECNIA SUSTENTABLE - EXT. BADIRAGUATO ','SUPERIOR','CENTRO','02010'),('02010005','TÉCNICO SUPERIOR UNIVERSITARIO EN AGROZOOTECNIA SUSTENTABLE - EXT. LA CRUZ ','SUPERIOR','CENTRO','02010'),('02010006','TÉCNICO SUPERIOR UNIVERSITARIO EN AGROZOOTECNIA SUSTENTABLE - EXT. MOCORITO ','SUPERIOR','CENTRO','02010'),('02010007','TÉCNICO SUPERIOR UNIVERSITARIO EN FRUTICULTURA - EXT. ROSARIO ','SUPERIOR','CENTRO','02010'),('02010008','TÉCNICO SUPERIOR UNIVERSITARIO EN HORTICULTURA SUSTENTABLE - EXT. LA CRUZ','SUPERIOR','CENTRO','02010'),('02010009','MAESTRIA EN AGRICULTURA PROTEGIDA','POSGRADO','CENTRO','02010'),('02030001','LICENCIATURA EN ANTROPOLOGÍA SOCIAL','SUPERIOR','CENTRO','02030'),('02100001','LICENCIATURA EN BIOLOGIA','SUPERIOR','CENTRO','02100'),('02100002','LICENCIATURA EN BIOMEDICINA','SUPERIOR','CENTRO','02100'),('02100003','DOCTORADO EN CIENCIAS BIOLOGICAS','POSGRADO','CENTRO','02100'),('02110001','LICENCIATURA EN FÍSICA ','SUPERIOR','CENTRO','02110'),('02110002','LICENCIATURA EN MATEMÁTICAS','SUPERIOR','CENTRO','02110'),('02110003','LICENCIATURA EN ELECTRÓNICA','SUPERIOR','CENTRO','02110'),('02110004','LICENCIATURA EN INGENIERÍA ELECTRÓNICA','SUPERIOR','CENTRO','02110'),('02110005','MAESTRÍA EN ENSEÑANZA DE LA MATEMÁTICA Y LA FÍSICA','POSGRADO','CENTRO','02110'),('02110006','MAESTRÍA EN FÍSICA','POSGRADO','CENTRO','02110'),('02110007','DOCTORADO EN FÍSICA','POSGRADO','CENTRO','02110'),('02200001','LICENCIATURA EN MÉDICO GENERAL ','SUPERIOR','CENTRO','02200'),('02200002','COMPLEMENTO DE LICENCIATURA EN MEDICINA ','SUPERIOR','CENTRO','02200'),('02200003','LICENCIATURA EN FISIOTERAPIA','SUPERIOR','CENTRO','02200'),('02200004','LICENCIATURA EN GERICULTURA','SUPERIOR','CENTRO','02200'),('02200005','LICENCIATURA EN IMAGENOLOGÍA','SUPERIOR','CENTRO','02200'),('02200006','TÉCNICO SUPERIOR UNIVERSITARIO EN CITOLOGÍA CERVICAL','SUPERIOR','CENTRO','02200'),('02200007','TÉCNICO SUPERIOR UNIVERSITARIO EN PODOLOGÍA','SUPERIOR','CENTRO','02200'),('02200008','ESPECIALIDAD MEDICA EN ANESTESIOLOGÍA','SUPERIOR','CENTRO','02200'),('02200009','ESPECIALIDAD MEDICA EN CARDIOLOGÍA','SUPERIOR','CENTRO','02200'),('02200010','ESPECIALIDAD MEDICA EN CIRUGÍA GENERAL','SUPERIOR','CENTRO','02200'),('02200011','ESPECIALIDAD EN MEDICINA DEL ENFERMO ADULTO EN ESTADO CRITICO','SUPERIOR','CENTRO','02200'),('02200012','ESPECIALIDAD MEDICA EN EPIDEMIOLOGÍA','SUPERIOR','CENTRO','02200'),('02200013','ESPECIALIDAD MEDICA EN GINECOLOGÍA Y OBSTETRICIA','SUPERIOR','CENTRO','02200'),('02200014','ESPECIALIDAD MEDICA EN IMAGENOLOGÍA Y RADIODIAGNOSTICO','SUPERIOR','CENTRO','02200'),('02200015','ESPECIALIDAD MEDICA EN MEDICINA FAMILIAR','SUPERIOR','CENTRO','02200'),('02200016','ESPECIALIDAD MEDICA EN MEDICINA INTERNA','SUPERIOR','CENTRO','02200'),('02200017','ESPECIALIDAD MEDICA EN NEONATOLOGÍA','SUPERIOR','CENTRO','02200'),('02200018','ESPECIALIDAD MEDICA EN OFTALMOLOGÍA','SUPERIOR','CENTRO','02200'),('02200019','ESPECIALIDAD MEDICA EN ORTOPEDÍA Y TRAUMATOLOGÍA','SUPERIOR','CENTRO','02200'),('02200020','ESPECIALIDAD MEDICA EN OTORRINOLARINGOLOGÍA Y CIRUGIA DE CABEZA Y CUELLO','SUPERIOR','CENTRO','02200'),('02200021','ESPECIALIDAD MEDICA EN PEDIATRÍA MEDICA','SUPERIOR','CENTRO','02200'),('02200022','ESPECIALIDAD MEDICA EN PEDIATRÍA ','SUPERIOR','CENTRO','02200'),('02200023','ESPECIALIDAD MEDICA EN URGENCIAS MEDICAS','SUPERIOR','CENTRO','02200'),('02200024','ESPECIALIDAD MEDICA EN URGENCIAS MEDICO QUIRURGICAS','SUPERIOR','CENTRO','02200'),('02200025','MAESTRÍA EN CIENCIAS EN BÍOMEDICINA MOLECULAR','POSGRADO','CENTRO','02200'),('02200026','MAESTRÍA EN DOCENCIA EN CIENCIAS DE LA SALUD','POSGRADO','CENTRO','02200'),('02210001','LICENCIATURA EN MEDICINA VETERINARIA Y ZOOTECNIA','SUPERIOR','CENTRO','02210'),('02210002','MAESTRÍA EN CIENCIAS AGROPECUARIAS','POSGRADO','CENTRO','02210'),('02210003','DOCTORADO EN CIENCIAS AGROPECUARIAS','POSGRADO','CENTRO','02210'),('02220001','LICENCIATURA EN CIRUJANO DENTISTA','SUPERIOR','CENTRO','02220'),('02220002','ESPECIALIDAD EN ENDODONCIA','SUPERIOR','CENTRO','02220'),('02220003','ESPECIALIDAD EN ODONTOPEDIATRIA','SUPERIOR','CENTRO','02220'),('02220004','MAESTRÁ EN ORTODONCIA','POSGRADO','CENTRO','02220'),('02230001','LICENCIATURA EN PSICOLOGÍA ','SUPERIOR','CENTRO','02230'),('02230002','LICENCIATURA EN PSICOLOGÍA MODALIDAD VIRTUAL','SUPERIOR','CENTRO','02230'),('02232001','LICENCIATURA EN PSICOLOGÍA MODALIDAD SEMIESCOLARIZADA','SUPERIOR','CENTRO','02232'),('02233001','LICENCIATURA EN PSICOLOGIA','SUPERIOR','CENTRO NORTE','02233'),('02300001','LICENCIATURA EN ADMINISTRACIÓN DE EMPRESAS','SUPERIOR','CENTRO','02300'),('02300002','LICENCIATURA EN CONTADURÍA PÚBLICA','SUPERIOR','CENTRO','02300'),('02300003','LICENCIATURA EN MERCADOTECNIA','SUPERIOR','CENTRO','02300'),('02300004','LICENCIATURA EN NEGOCIO Y COMERCIO INTERNACIONAL','SUPERIOR','CENTRO','02300'),('02300005','MAESTRÍA EN ADMINISTRACIÓN ESTRATEGICA','POSGRADO','CENTRO','02300'),('02300006','DOCTORADO EN ESTUDIOS FISCALES','POSGRADO','CENTRO','02300'),('02301001','LICENCIATURA EN ADMINISTRACIÓN DE EMPRESAS SEMIESCOLARIZADA','SUPERIOR','CENTRO','02301'),('02301002','LICENCIATURA EN CONTADURÍA PÚBLICA SEMIESCOLARIZADA','SUPERIOR','CENTRO','02301'),('02301003','LICENCIATURA EN MERCADOTECNIA SEMIESCOLARIZADA','SUPERIOR','CENTRO','02301'),('02301004','LICENCIATURA EN NEGOCIO Y COMERCIO INTERNACIONAL SEMIESCOLARIZADA','SUPERIOR','CENTRO','02301'),('02305001','LICENCIATURA EN ADMINISTRACIÓN DE EMPRESAS','SUPERIOR','CENTRO','02305'),('02305002','LICENCIATURA EN CONTADURÍA PÚBLICA','SUPERIOR','CENTRO','02305'),('02306001','LICENCIATURA EN ADMINISTRACIÓN DE EMPRESAS','SUPERIOR','CENTRO NORTE','02306'),('02306002','LICENCIATURA EN CONTADURÍA PÚBLICA','SUPERIOR','CENTRO NORTE','02306'),('02307001','LICENCIATURA EN ADMINISTRACIÓN DE EMPRESAS ','SUPERIOR','CENTRO NORTE','02307'),('02307002','LICENCIATURA EN CONTADURÍA PÚBLICA','SUPERIOR','CENTRO NORTE','02307'),('02308001','LICENCIATURA EN ADMINISTRACIÓN DE EMPRESAS','SUPERIOR','CENTRO NORTE','02308'),('02308002','LICENCIATURA EN CONTADURÍA PÚBLICA ','SUPERIOR','CENTRO NORTE','02308'),('02308003','LICENCIATURA EN MERCADOTECNIA','SUPERIOR','CENTRO NORTE','02308'),('02310001','LICENCIATURA EN DERECHO ESCOLARIZADA','SUPERIOR','CENTRO','02310'),('02310002','LICENCIATURA EN DERECHO MODALIDAD VIRTUAL','SUPERIOR','CENTRO','02310'),('02310003','MAESTRÍA EN CIENCIAS DEL DERECHO','POSGRADO','CENTRO','02310'),('02310004','DOCTORADO EN CIENCIAS DEL DERECHO','POSGRADO','CENTRO','02310'),('02314001','LICENCIATURA EN DERECHO','SUPERIOR','CENTRO','02314'),('02315001','LICENCIATURA EN DERECHO MODALIDAD SEMIESCOLARIZADA','SUPERIOR','CENTRO','02315'),('02316001','LICENCIATURA EN DERECHO','SUPERIOR','CENTRO NORTE','02316'),('02320001','LICENCIATURA EN ECONOMÍA','SUPERIOR','CENTRO','02320'),('02320002','LICENCIATURA EN INGENIERÍA FINANCIERA','SUPERIOR','CENTRO','02320'),('02320003','MAESTRÍA EN CIENCIAS ECONÓMICAS Y SOCIALES','POSGRADO','CENTRO','02320'),('02320004','DOCTORADO EN CIENCIAS SOCIALES','POSGRADO','CENTRO','02320'),('02400001','LICENCIATURA EN EDUCACIÓN FÍSICA','SUPERIOR','CENTRO','02400'),('02400002','LICENCIATURA EN EDUCACIÓN DEPORTIVA','SUPERIOR','CENTRO','02400'),('02400003','LICENCIATURA EN ACTIVIDAD FÍSICA PARA LA SALUD','SUPERIOR','CENTRO','02400'),('02400004','LICENCIATURA EN CULTURA FÍSICA','SUPERIOR','CENTRO','02400'),('02400005','LICENCIATURA EN ENTRENAMIENTO DEPORTIVO','SUPERIOR','CENTRO','02400'),('02401001','LICENCIATURA EN EDUCACION FISICA','SUPERIOR','SUR','02401'),('02401002','LICENCIATURA EN EDUCACION DEPORTIVA ','SUPERIOR','SUR','02401'),('02402001','LICENCIATURA EN EDUCACIÓN FISICA','SUPERIOR','NORTE','02402'),('02402002','LICENCIATURA EN EDUCACION DEPORTIVA ','SUPERIOR','NORTE','02402'),('02410001','LICENCIATURA EN FILOSOFÍA','SUPERIOR','CENTRO','02410'),('02410002','LICENCIATURA EN LENGUA Y LITERATURA HISPANICAS','SUPERIOR','CENTRO','02410'),('02410003','LICENCIATURA EN PERIODISMO','SUPERIOR','CENTRO','02410'),('02410004','LICENCIATURA EN SOCIOLOGÍA','SUPERIOR','CENTRO','02410'),('02410005','MAESTRÍA EN FILOSOFÍA','POSGRADO','CENTRO','02410'),('02420001','LICENCIATURA EN HISTORIA','SUPERIOR','CENTRO','02420'),('02420002','MAESTRÍA EN HISTORIA','POSGRADO','CENTRO','02420'),('02420003','DOCTORADO EN HISTORIA','POSGRADO','CENTRO','02420'),('02500001','LICENCIATURA EN INGENIERÍA CIVIL','SUPERIOR','CENTRO','02500'),('02500002','LICENCIATURA EN INGENIERÍA EN PROCESOS INDUSTRIALES','SUPERIOR','CENTRO','02500'),('02500003','TÉCNICO SUPERIOR UNIVERSITARIO EN MINAS Y METALURGIA','SUPERIOR','CENTRO','02500'),('02500004','MAESTRÍA EN CIENCIAS DE LA INGENIERÍA','POSGRADO','CENTRO','02500'),('02500005','MAESTRÍA EN INGENIERÍA DE LA CONSTRUCCIÓN','POSGRADO','CENTRO','02500'),('02500006','DOCTORADO EN CIENCIAS DE LA INGENIERÍA','POSGRADO','CENTRO','02500'),('02510001','LICENCIATURA EN QUÍMICO FARMACEUTICO BIOLOGO','SUPERIOR','CENTRO','02510'),('02510002','LICENCIATURA EN BIOTECNOLOGÍA GENOMICA','SUPERIOR','CENTRO','02510'),('02510003','LICENCIATURA EN INGENIERÍA BIOQUÍMICA','SUPERIOR','CENTRO','02510'),('02510004','LICENCIATURA EN INGENIERÍA QUÍMICA','SUPERIOR','CENTRO','02510'),('02510005','MAESTRÍA EN BIOTECNOLOGÍA','POSGRADO','CENTRO','02510'),('02510006','MAESTRÍA EN CIENCIA Y TECNOLOGÍA DE ALIMENTOS','POSGRADO','CENTRO','02510'),('02510007','MAESTRÍA EN CIENCIAS BIOMEDICAS','POSGRADO','CENTRO','02510'),('02510008','DOCTORADO EN BIOTECNOLOGÍA','POSGRADO','CENTRO','02510'),('02510009','DOCTORADO EN CIENCIA Y TECNOLOGÍA DE ALIMENTOS','POSGRADO','CENTRO','02510'),('02510010','DOCTORADO EN CIENCIAS BIOMEDICAS','POSGRADO','CENTRO','02510'),('02520001','LICENCIATURA EN ARQUITECTURA','SUPERIOR','CENTRO','02520'),('02520002','LICENCIATURA EN DISEÑO DE INTERIORES Y AMBIENTACIÓN','SUPERIOR','CENTRO','02520'),('02520003','LICENCIATURA EN DISEÑO URBANO Y DEL PAISAJE','SUPERIOR','CENTRO','02520'),('02520004','MAESTRÍA EN ARQUITECTURA Y URBANISMO','POSGRADO','CENTRO','02520'),('02520005','DOCTORADO EN ARQUITECTURA Y URBANISMO','POSGRADO','CENTRO','02520'),('02530001','LICENCIATURA EN INGENIERÍA ASTRONOMÍA','SUPERIOR','CENTRO','02530'),('02530002','LICENCIATURA EN INGENIERÍA GEODESICA','SUPERIOR','CENTRO','02530'),('02530003','LICENCIATURA EN INGENIERÍA GEOMÁTICA','SUPERIOR','CENTRO','02530'),('02530004','MAESTRÍA EN CIENCIAS DE LA INFORMACIÓN','POSGRADO','CENTRO','02530'),('02530005','DOCTORADO EN CIENCIAS DE LA INFORMACIÓN','POSGRADO','CENTRO','02530'),('02700001','LICENCIATURA EN INFORMÁTICA','SUPERIOR','CENTRO','02700'),('02700002','INGENIERÍA EN TELECOMUNICACIONES, SISTEMAS Y ELECTRÓNICA','SUPERIOR','CENTRO','02700'),('02700003','TÉCNICO SUPERIOR UNIVERSITARIO EN DESARROLLO WEB','SUPERIOR','CENTRO','02700'),('02710001','LICENCIATURA EN INFORMÁTICA','SUPERIOR','CENTRO','02710'),('02720001','LICENCIATURA EN POLÍTICAS PÚBLICAS','SUPERIOR','CENTRO','02720'),('02720002','LICENCIATURA EN ESTUDIOS INTERNACIONALES','SUPERIOR','CENTRO','02720'),('02720003','LICENCIATURA EN RELACIONES COMERCIALES INTERNACIONALES','SUPERIOR','CENTRO','02720'),('02720004','TÉCNICO SUPERIOR UNIVERSITARIO EN NEGOCIOS INTERNACIONALES','SUPERIOR','CENTRO','02720'),('02720005','MAESTRÍA EN POLÍTICAS PÚBLICAS EN LA GLOBALIZACION','POSGRADO','CENTRO','02720'),('02720006','DOCTORADO EN ESTUDIOS REGIONALES CON ENFASIS EN AMERICA DEL NORTE','POSGRADO','CENTRO','02720'),('02730001','LICENCIATURA EN GASTRONOMÍA','SUPERIOR','CENTRO','02730'),('02730002','LICENCIATURA EN NUTRICIÓN','SUPERIOR','CENTRO','02730'),('03010001','LICENCIATURA EN INGENIERIA AGRONOMICA','SUPERIOR','NORTE','03010'),('03010002','LICENCIATURA EN COMERCIALIZACIÓN AGROPECUARIA','SUPERIOR','NORTE','03010'),('03010003','MAESTRÍA EN CIENCIAS AGROPECUARIAS','POSGRADO','NORTE','03010'),('03010004','DOCTORADO EN CIENCIAS AGROPECUARIAS','POSGRADO','NORTE','03010'),('03300001','LICENCIATURA EN DERECHO SEMIESCOLARIZADA','SUPERIOR','NORTE','03300'),('03300002','LICENCIATURA EN CIENCIA POLITICA Y ADMINISTRACION PUBLICA','SUPERIOR','NORTE','03300'),('03300003','LICENCIATURA EN DERECHO','SUPERIOR','NORTE','03300'),('03300004','MAESTRÍA EN JUICIOS ORALES CON ÉNFASIS EN DERECHO PENAL','POSGRADO','NORTE','03300'),('03500001','LICENCIATURA EN INGENIERÍA CIVIL','SUPERIOR','NORTE','03500'),('03500002','LICENCIATURA EN INGENIERÍA GEODÉSICA','SUPERIOR','NORTE','03500'),('03500003','LICENCIATURA EN INGENIERÍA SOFTWARE','SUPERIOR','NORTE','03500'),('03500004','MAESTRÍA EN CIENCIAS DE LA INGENIERÍA','POSGRADO','NORTE','03500'),('03500005','DOCTORADO EN CIENCIAS DE LA INGENIERÍA','POSGRADO','NORTE','03500'),('03510001','LICENCIATURA EN DESARROLLO EMPRESARIAL Y DE NEGOCIOS','SUPERIOR','NORTE','03510'),('03510002','LICENCIATURA EN DISEÑO GRAFICO EMPRESARIAL','SUPERIOR','NORTE','03510'),('03510003','LICENCIATURA EN MERCADOTECNIA','SUPERIOR','NORTE','03510'),('03510004','LICENCIATURA EN RELACIONES COMERCIALES INTERNACIONALES','SUPERIOR','NORTE','03510'),('03900001','LICENCIATURA EN INFORMATICA','SUPERIOR','CENTRO NORTE','03900'),('03900002','LICENCIATURA EN NEGOCIOS AGROTECNOLOGICOS','SUPERIOR','CENTRO NORTE','03900'),('03900003','LICENCIATURA EN NEGOCIOS INTERNACIONALES','SUPERIOR','CENTRO NORTE','03900'),('03900004','LICENCIATURA EN CONTADURIA PUBLICA FISCAL','SUPERIOR','CENTRO NORTE','03900'),('03900005','LICENCIATURA EN DISEÑO GRAFICO EMPRESARIAL','SUPERIOR','CENTRO NORTE','03900'),('03910001','LICENCIATURA EN ADMINISTRACION DE EMPRESAS','SUPERIOR','CENTRO NORTE','03910'),('03910002','LICENCIATURA EN ADMINISTRACION DE RECURSOS HUMANOS','SUPERIOR','CENTRO NORTE','03910'),('03910003','LICENCIATURA EN COMERCIO ELECTRÓNICO','SUPERIOR','CENTRO NORTE','03910'),('03910004','LICENCIATURA EN COMERCIO INTERNACIONAL','SUPERIOR','CENTRO NORTE','03910'),('03910005','LICENCIATURA EN CONTADURÍA PÚBLICA','SUPERIOR','CENTRO NORTE','03910'),('03910006','LICENCIATURA EN MERCADOTECNIA','SUPERIOR','CENTRO NORTE','03910'),('03910007','LICENCIATURA EN ADMINISTRACIÓN DE EMPRESAS SEMIESCOLARIZADA','SUPERIOR','CENTRO NORTE','03910'),('03910008','LICENCIATURA EN CONTADURÍA PÚBLICA SEMIESCOLARIZADA','SUPERIOR','CENTRO NORTE','03910'),('03910009','MAESTRÍA EN ADMINISTRACIÓN DE MICROS, PEQUEÑAS Y MEDIANAS EMPRESAS','POSGRADO','CENTRO NORTE','03910'),('03920001','LICENCIATURA EN DERECHO','SUPERIOR','CENTRO NORTE','03920'),('04010001','LICENCIATURA EN ENFERMERIA ','SUPERIOR','SUR','04010'),('04010002','LICENCIATURA EN ENFERMERIA (CURSO COMPLEMENTARIO)','SUPERIOR','SUR','04010'),('04500001','LICENCIATURA EN COMERCIO INTERNACIONAL','SUPERIOR','SUR','04500'),('04500002','LICENCIATURA EN CIENCIAS DE LA COMUNICACIÓN','SUPERIOR','SUR','04500'),('04500003','LICENCIATURA EN ECONOMÍA','SUPERIOR','SUR','04500'),('04500004','LICENCIATURA EN SOCIOLOGÍA','SUPERIOR','SUR','04500'),('04500005','MAESTRÍA EN CIENCIAS SOCIALES CON ÉNFASIS EN ESTUDIOS REGIONALES','POSGRADO','SUR','04500'),('04510001','LICENCIATURA EN ADMINISTRACION DE EMPRESAS','SUPERIOR','SUR','04510'),('04510002','LICENCIATURA EN ADMINISTRACION EN RECURSOS HUMANOS','SUPERIOR','SUR','04510'),('04510003','LICENCIATURA EN CONTADURÍA PÚBLICA','SUPERIOR','SUR','04510'),('04510004','LICENCIATURA EN MERCADOTECNIA','SUPERIOR','SUR','04510'),('04510005','DOCTORADO EN GESTIÓN DE LAS ORGANIZACIONES','POSGRADO','SUR','04510'),('04520001','LICENCIATURA EN DERECHO','SUPERIOR','SUR','04520'),('04520002','LICENCIATURA EN DERECHO SEMIESCOLARIZADO','SUPERIOR','SUR','04520'),('04530001','LICENCIATURA EN PSICOLOGÍA','SUPERIOR','SUR','04530'),('04530002','LICENCIATURA EN PSICOLOGÍA INTEGRAL','SUPERIOR','SUR','04530'),('04540001','LICENCIATURA EN GASTRONOMÍA','SUPERIOR','SUR','04540'),('04550001','LICENCIATURA EN ARQUITECTURA','SUPERIOR','SUR','04550'),('04610001','LICENCIATURA EN TURISMO','SUPERIOR','SUR','04610'),('04700001','LICENCIATURA EN INGENIERÍA CIVIL','SUPERIOR','SUR','04700'),('04800001','LICENCIATURA EN INGENIERÍA EN SISTEMAS DE INFORMACIÓN','SUPERIOR','SUR','04800'),('04800002','LICENCIATURA EN INFORMÁTICA','SUPERIOR','SUR','04800'),('04800003','MAESTRÍA EN INFORMÁTICA APLICADA','POSGRADO','SUR','04800'),('04900001','LICENCIATURA EN BIOLOGÍA ACUICOLA','SUPERIOR','SUR','04900'),('04900002','LICENCIATURA EN BIOLOGÍA PESQUERA','SUPERIOR','SUR','04900'),('04900003','LICENCIATURA EN GESTIÓN DE ZONA COSTERA','SUPERIOR','SUR','04900'),('04900004','MAESTRÍA EN CIENCIAS EN RECURSOS ACUATICOS','POSGRADO','SUR','04900'),('04900005','DOCTORADO EN CIENCIAS EN RECURSOS ACUATICOS','POSGRADO','SUR','04900'),('04920001','LICENCIATURA EN ADMINISTRACIÓN DE EMPRESAS','SUPERIOR','SUR','04920'),('04920002','LICENCIATURA EN INFORMÁTICA','SUPERIOR','SUR','04920'),('04920003','LICENCIATURA EN TURISMO','SUPERIOR','SUR','04920'),('05010001','LICENCIATURA EN ENFERMERÍA','SUPERIOR','CENTRO','05010'),('05010002','LICENCIATURA EN ENFERMERIA (BLENDED LEARNING)','SUPERIOR','CENTRO','05010'),('05010003','LICENCIATURA EN ENFERMERÍA (NIVELACIÓN)','SUPERIOR','CENTRO','05010'),('05020001','LICENCIATURA EN TRABAJO SOCIAL','SUPERIOR','CENTRO','05020'),('05020002','LICENCIATURA EN TRABAJO SOCIAL ESCOLARIZADA','SUPERIOR','CENTRO','05020'),('05020003','MAESTRÍA EN TRABAJO SOCIAL','POSGRADO','CENTRO','05020'),('05020004','DOCTORADO EN TRABAJO SOCIAL','POSGRADO','CENTRO','05020'),('05022001','LICENCIATURA EN TRABAJO SOCIAL SEMIESCOLARIZADA','SUPERIOR','CENTRO','05022'),('05410001','LICENCIATURA EN ENFERMERIA','SUPERIOR','NORTE','05410'),('05410002','LICENCIATURA EN ENFERMERIA (NIVELACION DE GRADO DE TECNICO)','SUPERIOR','NORTE','05410'),('05420001','LICENCIATURA EN TRABAJO SOCIAL','SUPERIOR','NORTE','05420'),('05420002','LICENCIATURA EN TRABAJO SOCIAL SEMIESCOLARIZADA','SUPERIOR','NORTE','05420'),('05810001','LICENCIATURA EN TRABAJO SOCIAL ','SUPERIOR','SUR','05810'),('05810002','LICENCIATURA EN TRABAJO SOCIAL SEMIESCOLARIZADO','SUPERIOR','SUR','05810'),('05820001','LICENCIATURA EN ENFERMERÍA','SUPERIOR','SUR','05820'),('06010001','NIVEL BACHILLERATO','MEDIO SUPERIOR','CENTRO','06010'),('06011001','NIVEL BACHILLERATO','MEDIO SUPERIOR','CENTRO','06011'),('06020001','NIVEL BACHILLERATO','MEDIO SUPERIOR','CENTRO','06020'),('06030001','NIVEL BACHILLERATO','MEDIO SUPERIOR','CENTRO','06030'),('06040001','NIVEL BACHILLERATO','MEDIO SUPERIOR','CENTRO','06040'),('06041001','NIVEL BACHILLERATO','MEDIO SUPERIOR','CENTRO','06041'),('06050001','NIVEL BACHILLERATO','MEDIO SUPERIOR','CENTRO','06050'),('06051001','NIVEL BACHILLERATO','MEDIO SUPERIOR','CENTRO','06051'),('06060001','NIVEL BACHILLERATO','MEDIO SUPERIOR','CENTRO','06060'),('06070001','NIVEL BACHILLERATO','MEDIO SUPERIOR','CENTRO','06070'),('06071001','NIVEL BACHILLERATO','MEDIO SUPERIOR','CENTRO','06071'),('06080001','NIVEL BACHILLERATO','MEDIO SUPERIOR','CENTRO','06080'),('06081001','NIVEL BACHILLERATO','MEDIO SUPERIOR','CENTRO','06081'),('06090001','NIVEL BACHILLERATO','MEDIO SUPERIOR','CENTRO','06090'),('06091001','NIVEL BACHILLERATO','MEDIO SUPERIOR','CENTRO','06091'),('06092001','NIVEL BACHILLERATO','MEDIO SUPERIOR','CENTRO','06092'),('06093001','NIVEL BACHILLERATO','MEDIO SUPERIOR','CENTRO','06093'),('06094001','NIVEL BACHILLERATO','MEDIO SUPERIOR','CENTRO','06094'),('06095001','NIVEL BACHILLERATO','MEDIO SUPERIOR','CENTRO','06095'),('06100001','NIVEL BACHILLERATO','MEDIO SUPERIOR','CENTRO','06100'),('06101001','NIVEL BACHILLERATO','MEDIO SUPERIOR','CENTRO','06101'),('06110001','NIVEL BACHILLERATO','MEDIO SUPERIOR','CENTRO','06110'),('06111001','NIVEL BACHILLERATO','MEDIO SUPERIOR','CENTRO','06111'),('06112001','NIVEL BACHILLERATO','MEDIO SUPERIOR','CENTRO','06112'),('06120001','NIVEL BACHILLERATO','MEDIO SUPERIOR','CENTRO','06120'),('06121001','NIVEL BACHILLERATO','MEDIO SUPERIOR','CENTRO','06121'),('06130001','NIVEL BACHILLERATO','MEDIO SUPERIOR','CENTRO','06130'),('06131001','NIVEL BACHILLERATO','MEDIO SUPERIOR','CENTRO','06131'),('06132001','NIVEL BACHILLERATO','MEDIO SUPERIOR','CENTRO','06132'),('06140001','NIVEL BACHILLERATO','MEDIO SUPERIOR','CENTRO','06140'),('06141001','NIVEL BACHILLERATO','MEDIO SUPERIOR','CENTRO','06141'),('06142001','NIVEL BACHILLERATO','MEDIO SUPERIOR','CENTRO','06142'),('06143001','NIVEL BACHILLERATO','MEDIO SUPERIOR','CENTRO','06143'),('06145001','NIVEL BACHILLERATO','MEDIO SUPERIOR','CENTRO','06145'),('06146001','NIVEL BACHILLERATO','MEDIO SUPERIOR','CENTRO','06146'),('06147001','NIVEL BACHILLERATO','MEDIO SUPERIOR','CENTRO','06147'),('06148001','NIVEL BACHILLERATO','MEDIO SUPERIOR','CENTRO','06148'),('06150001','NIVEL BACHILLERATO','MEDIO SUPERIOR','CENTRO','06150'),('07010001','NIVEL BACHILLERATO','MEDIO SUPERIOR','NORTE','07010'),('07011001','NIVEL BACHILLERATO','MEDIO SUPERIOR','NORTE','07011'),('07020001','NIVEL BACHILLERATO','MEDIO SUPERIOR','NORTE','07020'),('07030001','NIVEL BACHILLERATO','MEDIO SUPERIOR','NORTE','07030'),('07031001','NIVEL BACHILLERATO','MEDIO SUPERIOR','NORTE','07031'),('07032001','NIVEL BACHILLERATO','MEDIO SUPERIOR','NORTE','07032'),('07040001','NIVEL BACHILLERATO','MEDIO SUPERIOR','NORTE','07040'),('07050001','NIVEL BACHILLERATO','MEDIO SUPERIOR','NORTE','07050'),('07051001','NIVEL BACHILLERATO','MEDIO SUPERIOR','NORTE','07051'),('07060001','NIVEL BACHILLERATO','MEDIO SUPERIOR','NORTE','07060'),('07061001','NIVEL BACHILLERATO','MEDIO SUPERIOR','NORTE','07061'),('07062001','NIVEL BACHILLERATO','MEDIO SUPERIOR','NORTE','07062'),('07063001','NIVEL BACHILLERATO','MEDIO SUPERIOR','CENTRO NORTE','07063'),('07064001','NIVEL BACHILLERATO','MEDIO SUPERIOR','NORTE','07064'),('07070001','NIVEL BACHILLERATO','MEDIO SUPERIOR','NORTE','07070'),('07071001','NIVEL BACHILLERATO','MEDIO SUPERIOR','NORTE','07071'),('07072001','NIVEL BACHILLERATO','MEDIO SUPERIOR','NORTE','07072'),('07080001','NIVEL BACHILLERATO','MEDIO SUPERIOR','NORTE','07080'),('07081001','NIVEL BACHILLERATO','MEDIO SUPERIOR','NORTE','07081'),('07610001','NIVEL BACHILLERATO','MEDIO SUPERIOR','CENTRO NORTE','07610'),('07620001','NIVEL BACHILLERATO','MEDIO SUPERIOR','CENTRO NORTE','07620'),('07621001','NIVEL BACHILLERATO','MEDIO SUPERIOR','CENTRO NORTE','07621'),('07630001','NIVEL BACHILLERATO','MEDIO SUPERIOR','CENTRO NORTE','07630'),('07632001','NIVEL BACHILLERATO','MEDIO SUPERIOR','CENTRO NORTE','07632'),('07633001','NIVEL BACHILLERATO','MEDIO SUPERIOR','CENTRO NORTE','07633'),('07634001','NIVEL BACHILLERATO','MEDIO SUPERIOR','CENTRO NORTE','07634'),('07635001','NIVEL BACHILLERATO','MEDIO SUPERIOR','CENTRO NORTE','07635'),('07636001','NIVEL BACHILLERATO','MEDIO SUPERIOR','CENTRO NORTE','07636'),('07637001','NIVEL BACHILLERATO','MEDIO SUPERIOR','CENTRO NORTE','07637'),('07638001','NIVEL BACHILLERATO','MEDIO SUPERIOR','CENTRO NORTE','07638'),('07639001','NIVEL BACHILLERATO','MEDIO SUPERIOR','CENTRO NORTE','07639'),('07640001','NIVEL BACHILLERATO','MEDIO SUPERIOR','CENTRO NORTE','07640'),('07643001','NIVEL BACHILLERATO','MEDIO SUPERIOR','CENTRO NORTE','07643'),('07648001','NIVEL BACHILLERATO','MEDIO SUPERIOR','CENTRO NORTE','07648'),('07649001','NIVEL BACHILLERATO','MEDIO SUPERIOR','CENTRO NORTE','07649'),('07650001','NIVEL BACHILLERATO','MEDIO SUPERIOR','CENTRO NORTE','07650'),('07651001','NIVEL BACHILLERATO','MEDIO SUPERIOR','CENTRO NORTE','07651'),('07652001','NIVEL BACHILLERATO','MEDIO SUPERIOR','CENTRO NORTE','07652'),('07653001','NIVEL BACHILLERATO','MEDIO SUPERIOR','CENTRO NORTE','07653'),('07654001','NIVEL BACHILLERATO','MEDIO SUPERIOR','CENTRO NORTE','07654'),('07660001','NIVEL BACHILLERATO','MEDIO SUPERIOR','CENTRO NORTE','07660'),('07661001','NIVEL BACHILLERATO','MEDIO SUPERIOR','CENTRO NORTE','07661'),('07662001','NIVEL BACHILLERATO','MEDIO SUPERIOR','CENTRO NORTE','07662'),('07670001','NIVEL BACHILLERATO','MEDIO SUPERIOR','CENTRO NORTE','07670'),('07671001','NIVEL BACHILLERATO','MEDIO SUPERIOR','CENTRO NORTE','07671'),('07672001','NIVEL BACHILLERATO','MEDIO SUPERIOR','CENTRO NORTE','07672'),('07673001','NIVEL BACHILLERATO','MEDIO SUPERIOR','CENTRO NORTE','07673'),('07674001','NIVEL BACHILLERATO','MEDIO SUPERIOR','CENTRO NORTE','07674'),('07675001','NIVEL BACHILLERATO','MEDIO SUPERIOR','CENTRO NORTE','07675'),('08210001','NIVEL BACHILLERATO','MEDIO SUPERIOR','SUR','08210'),('08211001','NIVEL BACHILLERATO','MEDIO SUPERIOR','SUR','08211'),('08212001','NIVEL BACHILLERATO','MEDIO SUPERIOR','SUR','08212'),('08213001','NIVEL BACHILLERATO','MEDIO SUPERIOR','SUR','08213'),('08214001','NIVEL BACHILLERATO','MEDIO SUPERIOR','SUR','08214'),('08215001','NIVEL BACHILLERATO','MEDIO SUPERIOR','SUR','08215'),('08220001','NIVEL BACHILLERATO','MEDIO SUPERIOR','SUR','08220'),('08221001','NIVEL BACHILLERATO','MEDIO SUPERIOR','SUR','08221'),('08222001','NIVEL BACHILLERATO','MEDIO SUPERIOR','SUR','08222'),('08230001','NIVEL BACHILLERATO','MEDIO SUPERIOR','SUR','08230'),('08231001','NIVEL BACHILLERATO','MEDIO SUPERIOR','SUR','08231'),('08232001','NIVEL BACHILLERATO','MEDIO SUPERIOR','SUR','08232'),('08240001','NIVEL BACHILLERATO','MEDIO SUPERIOR','SUR','08240'),('08250001','NIVEL BACHILLERATO','MEDIO SUPERIOR','SUR','08250'),('08251001','NIVEL BACHILLERATO','MEDIO SUPERIOR','SUR','08251'),('08260001','NIVEL BACHILLERATO','MEDIO SUPERIOR','SUR','08260'),('08261001','NIVEL BACHILLERATO','MEDIO SUPERIOR','SUR','08261'),('08271001','NIVEL BACHILLERATO','MEDIO SUPERIOR','SUR','08271'),('08272001','NIVEL BACHILLERATO','MEDIO SUPERIOR','SUR','08272'),('09011001','LICENCIATURA EN DOCENCIA DEL IDIOMAS INGLÉS','SUPERIOR','CENTRO','09011'),('09011002','LICENCIATURA EN ENSEÑANZA DEL IDIOMAS INGLÉS','SUPERIOR','CENTRO','09011'),('09050001','LICENCIATURA EN TEATRO','SUPERIOR','CENTRO','09050'),('09050002','LICENCIATURA EN MÚSICA','SUPERIOR','CENTRO','09050'),('09060001','LICENCIATURA EN ARTES PLASTICAS','SUPERIOR','CENTRO','09060'),('09060002','TÉCNICO SUPERIOR UNIVERSITARIO EN ARTES PLASTICAS','SUPERIOR','CENTRO','09060'),('09411001','LICENCIATURA EN ENSEÑANZA DEL IDIOMA INGLÉS','SUPERIOR','NORTE','09411'),('09811001','LICENCIATURA EN DOCENCIA DEL IDIOMAS INGLÉS','SUPERIOR','SUR','09811'),('09811002','LICENCIATURA EN ENSEÑANZA DEL IDIOMAS INGLÉS','SUPERIOR','SUR','09811');
/*!40000 ALTER TABLE `progedu` ENABLE KEYS */;
UNLOCK TABLES;

--
-- Table structure for table `tutestnee`
--

DROP TABLE IF EXISTS `tutestnee`;
/*!40101 SET @saved_cs_client     = @@character_set_client */;
/*!40101 SET character_set_client = utf8 */;
CREATE TABLE `tutestnee` (
  `idClaveTutor` varchar(5) NOT NULL,
  `idNumAtenc` int(11) NOT NULL,
  `FecAtenc` date NOT NULL,
  `UniAcad` varchar(5) NOT NULL,
  `EstAtend` varchar(8) NOT NULL,
  `TemaAtenc` varchar(60) NOT NULL,
  `PerApoy` varchar(5) DEFAULT NULL,
  `Observ` varchar(400) NOT NULL,
  `Evid1` blob,
  `Evid2` blob,
  `Evid3` blob,
  PRIMARY KEY (`idClaveTutor`,`idNumAtenc`)
) ENGINE=InnoDB DEFAULT CHARSET=utf8;
/*!40101 SET character_set_client = @saved_cs_client */;

--
-- Dumping data for table `tutestnee`
--

LOCK TABLES `tutestnee` WRITE;
/*!40000 ALTER TABLE `tutestnee` DISABLE KEYS */;
/*!40000 ALTER TABLE `tutestnee` ENABLE KEYS */;
UNLOCK TABLES;

--
-- Table structure for table `unidad_acad`
--

DROP TABLE IF EXISTS `unidad_acad`;
/*!40101 SET @saved_cs_client     = @@character_set_client */;
/*!40101 SET character_set_client = utf8 */;
CREATE TABLE `unidad_acad` (
  `IDUnidad_Acad` varchar(5) NOT NULL,
  `Nombre_UA` varchar(80) NOT NULL,
  `Nivel_Educ` varchar(20) NOT NULL,
  `Unidad_Reg` varchar(15) NOT NULL,
  `Tel_UA` varchar(13) DEFAULT NULL,
  `Nom_Direct` varchar(50) DEFAULT NULL,
  `Nom_SA` varchar(50) DEFAULT NULL,
  `Direcc_UA` varchar(100) DEFAULT NULL,
  `Red_Soc` varchar(50) DEFAULT NULL,
  `Nom_RT` varchar(50) DEFAULT NULL,
  `Tel_RT` varchar(13) DEFAULT NULL,
  `Correo_RT` varchar(50) DEFAULT NULL,
  PRIMARY KEY (`IDUnidad_Acad`)
) ENGINE=InnoDB DEFAULT CHARSET=utf8;
/*!40101 SET character_set_client = @saved_cs_client */;

--
-- Dumping data for table `unidad_acad`
--

LOCK TABLES `unidad_acad` WRITE;
/*!40000 ALTER TABLE `unidad_acad` DISABLE KEYS */;
INSERT INTO `unidad_acad` VALUES ('00001','GENERAL UNIDADES ACADÉMICAS','GENERAL','GENERAL','    -  -  -','','','','','','    -  -  -',''),('00230','CENTRO DE INVESTIGACION Y DOCENCIA EN CIENCIAS DE LA SALUD (CIDOCS)','SUPERIOR','CENTRO','   7-13-26-06','DR. CARLOS FERNANDO CORONA SAPIEN','','','','LIC. FERNANDA LORENA CORONA OROZCO','6674-31-12-80','PITRT0230@UAS.EDU.MX'),('00300','FACULTAD DE CIENCIAS DE LA EDUCACIÓN','SUPERIOR','CENTRO','   7-53-63-21','DRA. MARIA GUADALUPE LEYVA CRUZ','','','','LIC. ANTONIO GUADALUPE CRUZ DURAN','6671-97-79-87','PITRT300@UAS.EDU.MX'),('00301','FACULTAD DE CIENCIAS DE LA EDUCACION EXTENSION LOS MOCHIS','SUPERIOR','NORTE','   7-53-63-21','DRA. MARIA GUADALUPE LEYVA CRUZ','','','','','    -  -  -',''),('00303','FACULTAD DE CIENCIAS DE LA EDUCACION EXTENSION MAZATLAN','SUPERIOR','SUR','   7-53-63-21','DRA. MARIA GUADALUPE LEYVA CRUZ','','','','','    -  -  -',''),('02010','FACULTAD DE AGRONOMIA','SUPERIOR','CENTRO','   8-46-10-84','DR. JORGE FABIO INZUNZA CASTRO','','','','LIC. LAURA ELENA RODRIGUEZ VALENZUELA','6671-43-25-96','PITRT2010@UAS.EDU.MX'),('02030','FACULTAD DE CIENCIAS ANTROPOLÓGICAS','SUPERIOR','CENTRO','   1-46-53-56','MTRO. LUIS ALBERTO VELARDE OSUNA','','','','VANESSA YURIDIANA ORTIZ MARTINEZ','6671-27-51-66','PITRT2030@UAS.EDU.MX'),('02100','ESCUELA DE BIOLOGÍA','SUPERIOR','CENTRO','   7-16-11-39','DR. VICENTE OLIMON ANDALON','','','','BIOL. LUCILA GUILLERMINA BELTRAN VEGA','6672-13-07-93','PITRT2100@UAS.EDU.MX'),('02110','FACULTAD DE CIENCIAS FÍSICO MATEMÁTICAS','SUPERIOR','CENTRO','   7-16-11-54','DR. ÓSCAR JESÚS VELARDE ESCOBAR ','','','','MC. IMELDA LÓPEZ MOLINERO ','6671-95-07-66','PITRT2110@UAS.EDU.MX '),('02200','FACULTAD DE MEDICINA CULIACÁN','SUPERIOR','CENTRO','   7-53-88-01','DR. GERARDO ALAPIZCO CASTRO  ','','','','MC. ESMERALDA ALVARADO FÉLIX ','6671-00-82-61','PITRT2200@UAS.EDU.MX'),('02210','FACULTAD DE MEDICINA VETERINARIA Y ZOOTECNIA','SUPERIOR','CENTRO','   7-18-16-50','MC. JAIME ELEAZAR BORBOLLA IBARRA','','','','Q.F.B. CIELO LOPEZ VALENZUELA','6671-17-46-54','PITRT2210@UAS.EDU.MX'),('02220','FACULTAD DE ODONTOLOGÍA CULIACÁN','SUPERIOR','CENTRO','   7-16-11-38','DRA. ANABELL CÁRDENAS VALDEZ','','','','LIC. CELIDA YOLANDA TORRECILLA LÓPEZ ','6671-74-49-32','PITRT2220@UAS.EDU.MX'),('02230','FACULTAD DE PSICOLOGÍA CULIACÁN','SUPERIOR','CENTRO','   7-16-11-29','MC. KARLA MARGARITA GUERRERO LIZÁRRAGA','','','','PSIC. VERÓNICA ELIZABETH GARCÍA MARTÍNEZ','6674-18-98-92','PITRT2230@UAS.EDU.MX'),('02232','FACULTAD DE PSICOLOGÍA  CULIACÁN SEMIESCOLARIZADA','SUPERIOR','CENTRO','   7-16-11-29','MC. KARLA MARGARITA GUERRERO LIZÁRRAGA','','','','PSIC. VERÓNICA ELIZABETH GARCÍA MARTÍNEZ','6674-18-98-92','PITRT2230@UAS.EDU.MX'),('02233','FACULTAD DE PSICOLOGIA EXTENSION GUASAVE','SUPERIOR','CENTRO NORTE','   7-16-11-29','MC. KARLA MARGARITA GUERRERO LIZÁRRAGA','','','','','    -  -  -','PITRT2233@UAS.EDU.MX'),('02300','FACULTAD DE CONTADURÍA Y ADMINISTRACIÓN CULIACÁN','SUPERIOR','CENTRO','   7-16-03-03','MC. MARIO ANTONIO CAMPOS SEPULVEDA','','','','MC. MIRNA LETICIA GAXIOLA ANGULO','6673-60-69-76','PITRT2300@UAS.EDU.MX'),('02301','FACULTAD DE CONTADURÍA Y ADMINISTRACIÓN SEMIESCOLARIZADA','SUPERIOR','CENTRO','   7-16-03-03','MC. MARIO ANTONIO CAMPOS SEPULVEDA','','','','','    -  -  -',''),('02305','FACULTAD DE CONTADURÍA Y ADMINISTRACIÓN EXTENSIÓN NAVOLATO','SUPERIOR','CENTRO','   7-52-00-39','MC. MARIO ANTONIO CAMPOS SEPULVEDA','','','','DR. RUBÉN ANTONIO GONZÁLEZ FRANCO','    -  -  -','PITRT2305@UAS.EDU.MX'),('02306','FACULTAD DE CONTADURÍA Y ADMINISTRACIÓN EXTENSIÓN MOCORITO','SUPERIOR','CENTRO NORTE','   7-16-03-03','MC. MARIO ANTONIO CAMPOS SEPULVEDA','','','','','    -  -  -',''),('02307','FACULTAD DE CONTADURÍA Y ADMINISTRACIÓN EXTENSIÓN BADIRAGUATO','SUPERIOR','CENTRO NORTE','   7-16-03-03','MC. MARIO ANTONIO CAMPOS SEPULVEDA','','','','','    -  -  -',''),('02308','FACULTAD DE CONTADURÍA Y ADMINISTRACIÓN EXTENSIÓN SINALOA DE LEYVA','SUPERIOR','CENTRO NORTE','   7-16-03-03','MC. MARIO ANTONIO CAMPOS SEPULVEDA','','','','','    -  -  -',''),('02310','FACULTAD DE DERECHO CULIACÁN                                ','SUPERIOR','CENTRO','   7-16-11-27',' DR. ROMEO MALDONADO DORADO','','','','LIC. BRENDA JUDITH CONTRERAS FIGUEROA','6672-04-62-86','PITRT2310@UAS.EDU.MX'),('02314','FACULTAD DE DERECHO CULIACÁN EXTENSIÓN NAVOLATO','SUPERIOR','CENTRO','   7-16-11-27',' DR. ROMEO MALDONADO DORADO','','','','LIC. ANA BERTA TERÁN VARGAS','6671-84-65-06','PITRT2314@UAS.EDU.MX'),('02315','FACULTAD DE DERECHO CULIACAN SEMIESCOLARIZADA','SUPERIOR','CENTRO','   7-16-11-27',' DR. ROMEO MALDONADO DORADO','','','','','    -  -  -',''),('02316','FACULTAD DE DERECHO CULIACAN EXTENSION MOCORITO','SUPERIOR','CENTRO NORTE','    -  -  -',' DR. ROMEO MALDONADO DORADO','','','','','    -  -  -','PITRT2306@UAS.EDU.MX'),('02320','FACULTAD DE CIENCIAS ECONÓMICAS Y SOCIALES','SUPERIOR','CENTRO','   7-11-16-28','DR.ÓSCAR ALFONSO AGUILAR SOTO','','','','MC. MARIOL MADRID PUENTE','6677-67-67-85','PITRT2320@UAS.EDU.MX'),('02400','FACULTAD DE EDUCACIÓN FÍSICA Y DEPORTE','SUPERIOR','CENTRO','   7-13-61-08','MC. MAURICIO ARTURO AVENDAÑO SOTO','','','','LIC. ELIX MALEY ESPINOZA GONZALEZ','6673-17-82-84','PITRT2400@UAS.EDU.MX'),('02401','FACULTAD DE EDUCACIÓN FÍSICA Y DEL DEPORTE EXTENSIÓN MAZATLÁN','SUPERIOR','SUR','   7-13-61-08','MC. MAURICIO ARTURO AVENDAÑO SOTO','','','','','    -  -  -',''),('02402','FACULTAD DE EDUCACIÓN FÍSICA Y DEPORTE EXTENSIÓN LOS MOCHIS','SUPERIOR','NORTE','   7-13-61-08','MC. MAURICIO ARTURO AVENDAÑO SOTO','','','','','    -  -  -',''),('02410','FACULTAD DE FILOSOFÍA Y LETRAS','SUPERIOR','CENTRO','   7-15-36-86','DRA. GUILLERMINA DEL CARMEN VERDUGO ZAVALA','','','','LIC. ELVIA CANDIDA PARDO VELARDE','6671-43-64-20','PITRT2410@UAS.EDU.MX '),('02420','FACULTAD DE HISTORIA','SUPERIOR','CENTRO','   7-13-86-86','DR. EDUARDO FRÍAS SARMIENTO','','','','MC. MABEL VALENCIA SÁNCHEZ','6671-44-51-08','PITRT2420@UAS.EDU.MX'),('02500','FACULTAD DE INGENIERÍA CULIACÁN','SUPERIOR','CENTRO','   7-13-42-81','DR. FERNANDO GARCÍA PAEZ','','','','LAE. ANA LAURA VEGA VAZQUEZ','6672-17-57-27','PITRT2500@UAS.EDU.MX'),('02510','FACULTAD DE CIENCIAS QUÍMICO BIOLÓGICAS','SUPERIOR','CENTRO','   7-13-78-60','DR. JORGE MILÁN CARRILLO','','','','ROSA DELIA FELIX ONTIVERIOS','6672-69-13-86','PITRT2510@UAS.EDU.MX'),('02520','FACULTAD DE ARQUITECTURA CULIACÁN','SUPERIOR','CENTRO','   7-16-11-16','MARQ. JOSÉ MANUEL CALDERON ARELLANO','','','','GLORIA LIZETTE ESTRADA MENDIVIL','6673-87-17-04','PITRT2520@UAS.EDU.MX'),('02530','FACULTAD DE CIENCIAS DE LA TIERRA Y EL ESPACIO','SUPERIOR','CENTRO','   7-16-11-49','DR. WENSESLAO PLATA ROCHA','','','','MC. DALIA DELGADO DAMAS','6671-67-54-91','PITRT2530@UAS.EDU.MX'),('02700','FACULTAD DE INFORMÁTICA CULIACÁN','SUPERIOR','CENTRO','   7-16-13-61','MC. GERARDO GÁLVEZ GÁMEZ','','','','C. EVELIA INZUNZA GARCÍA','6671-00-78-60','PITRT2700@UAS.EDU.MX'),('02710','ESCUELA DE INFORMÁTICA NAVOLATO','SUPERIOR','CENTRO','6727-21-05-70','ING. ALEJANDRINO RODELO MEDINA','','','','LCP. NORA ENEYDA CARRIÓN VALENZUELA','6671-38-39-00','PITRT2710@UAS.EDU.MX'),('02720','FACULTAD DE ESTUDIOS INTERNACIONALES Y POLÍTICAS PÚBLICAS','SUPERIOR','CENTRO','   7-52-14-20','DR. JESÚS ENRIQUE SÁNCHEZ ZAZUETA','','','','LEI. TOPILZIN JAFET JUÁREZ URIARTE','6673-95-29-86','PITRT2720@UAS.EDU.MX'),('02730','UNIDAD ACADÉMICA DE CIENCIAS DE LA NUTRICIÓN Y GASTRONOMÍA','SUPERIOR','CENTRO','   7-53-54-54','DRA. MARCELA DE JESÚS VERGARA JIMENEZ','','','','LP. ÁNGEL DANIEL DÍAZ SAINZ','6671-77-51-52','PITRT2730@UAS.EDU.MX'),('03010','FACULTAD DE AGRICULTURA DEL VALLE DEL FUERTE - FAVF','FACULTAD','NORTE','6878-96-09-08','DR. FERNANDO SÁNCHEZ PORTILLO','MTRO. ANASTACIO PÉREZ MAYORQUÍN','AVENIDA JAPARAQUI Y CALLE 16, JUAN JOSÉ RÍOS, AHOME, SINALOA','HTTP://FACEBOOK/FAVF','MTRA. RITA ISELA DOMÍNGUEZ DOMÍNGUEZ','6871-35-45-53','RITAISELA@GMAIL.COM'),('03300','FACULTAD DE DERECHO Y CIENCIA POLITICA LOS MOCHIS','SUPERIOR','NORTE','6688-12-85-45','MC. MILTON AYALA VEGA','','','','LIC. VIVIANA REBECA SILVA DIAZ','6683-96-39-65','PITRT3300@UAS.EDU.MX'),('03500','FACULTAD DE INGENIERÍA LOS MOCHIS','SUPERIOR','NORTE','6688-12-76-41','DR. JESÚS ADRIÁN BALDENEBRO LÓPEZ','','','','LIC. ALBA TERESA AYALA MIRANDA','6681-17-24-37','PITRT3500@UAS.EDU.MX'),('03510','UNIDAD ACADÉMICA DE NEGOCIOS','SUPERIOR','NORTE','6688-19-00-01','MC. LAURO CESAR PARRA ACEVIZ','','','','LAE. GRISELDA MEDINA MONTAÑO','6681-13-23-24','PITRT3510@UAS.EDU.MX'),('03900','FACULTAD DE CIENCIAS ECONÓMICAS, ADMINISTRATIVAS Y TECNOLÓGICAS','SUPERIOR','CENTRO NORTE','6737-32-32-00','MC . MARIO SOTO VELÁZQUEZ','','','','LIC. SERGIO NEDEL CASTRO LÓPEZ','6731-34-14-52','PITRT3900@UAS.EDU.MX'),('03910','ESCUELA DE CIENCIAS ECONÓMICAS Y ADMINISTRATIVAS','SUPERIOR','CENTRO NORTE','6878-72-55-06','MC. MAYRA PATRICIA OSUNA','','','','LTS. LIZBETH VALLE LEYVA','6871-46-75-77','PITRT3910@UAS.EDU.MX'),('03920','ESCUELA DE DERECHO GUASAVE','SUPERIOR','CENTRO NORTE','6878-72-54-30','MC. ABEL LUNA POLLORENA','','','','LIC. OLGA LUCIA CASTRO VILLANUEVA','6871-05-20-54','PITRT3920@UAS.EDU.MX'),('04010','FACULTAD DE ENFERMERÍA MAZATLAN','SUPERIOR','SUR','    -  -  -','','','','','','    -  -  -',''),('04500','FACULTAD DE CIENCIAS SOCIALES MAZATLÁN','SUPERIOR','SUR','   9-81-21-00','MC. GABRIEL ANGEL SARABIA ROSALES','','','','LCC. VANESSA CAROLINA MENDOZA NIEBLA','6691-10-40-60','PITRT4501@UAS.EDU.MX'),('04510','FACULTAD DE CIENCIAS ECONÓMICO ADMINISTRATIVAS DE MAZATLÁN','SUPERIOR','SUR','6699-81-03-10','MC. LUIS ALONSO CAÑEDO RAYGOZA','','','','LIC. MARIA GUADALUPE VIZCARRA ZAMUDIO','6691-54-96-03','PITRT4510@UAS.EDU.MX'),('04520','FACULTAD DE DERECHO MAZATLÁN','SUPERIOR','SUR','   9-82-41-27','DR. JOEL BARRAGÁN MONTES','','','','LIC. JULIÁN PERAZA RESENDÍZ','6692-29-14-25','PITRT4520@UAS.EDU.MX'),('04530','ESCUELA DE PSICOLOGÍA MAZATLÁN','SUPERIOR','SUR','6696-88-28-23','MC. MAURILIO HERNÁNDEZ MARTÍNEZ','','','','PSIC. KEILA YAZID SILVA LIZARRAGA','6691-63-01-02','PITRT4530@UAS.EDU.MX'),('04540','ESCUELA DE GASTRONOMÍA MAZATLÁN','SUPERIOR','SUR','   9-54-07-16','DRA. ROSA DEL CARMEN LIZÁRRAGA BERNAL','','','','REGINA DEL CARMEN HUERTA RODRÍGUEZ','6691-00-66-08','PITRT4540@UAS.EDU.MX'),('04550','ESCUELA DE ARQUITECTURA MAZATLÁN','SUPERIOR','SUR','   9-86-46-36','MI. JOSÉ RAMÓN GONZÁLEZ BARRÓN','','','','LIC. BERTHA ISABEL FÉLIX VARGAS','6699-29-20-24','PITRT4550@UAS.EDU.MX'),('04610','ESCUELA DE TURISMO MAZATLÁN                                 ','SUPERIOR','SUR','   9-82-53-59','MC. BERTHA ELENA  FÉLIX COLADO','','','','LIC. XÓCHITL IZAGUIRRE LÓPEZ','6691-62-74-48','PITRT4610@UAS.EDU.MX'),('04700','ESCUELA DE INGENIERÍA MAZATLÁN','SUPERIOR','SUR','    -  -  -','DR. JAVIER ALONSO CHÁVEZ PÉREZ','','','','MI. REYNA ISABEL ZAÑIGA IBARRA','9992-57-33-52','PITRT4700@UAS.EDU.MX'),('04800','FACULTAD DE INFORMÁTICA MAZATLÁN','SUPERIOR','SUR','   9-81-15-60','MC. ROGELIO ESTRADA LIZARRAGA','','','','LI. CIELO ESTRELLA MEZA GONZALEZ','6691-16-75-17','PITRT4800@UAS.EDU.MX'),('04900','FACULTAD DE CIENCIAS DEL MAR','SUPERIOR','SUR','   9-82-86-56','DR. JORGE SAÚL RAMÍREZ PÉREZ ','','','','LIC. MARÍA ANGELINA GONZÁLEZ SILLAS','6691-27-70-48','PITRT4900@UAS.EDU.MX'),('04920','CENTRO DE ESTUDIOS SUPERIORES DEL ROSARIO (CESUR)','SUPERIOR','SUR','6949-52-06-99','MC. ANDRÉS ULTRERAS RODRÍGUEZ','','','','PSIC. ALBERTO RENDÓN TOLEDO','6691-30-74-26','PITRT4920@UAS.EDU.MX'),('05010','ESCUELA SUPERIOR  DE ENFERMERÍA CULIACÁN','SUPERIOR','CENTRO','   7-52-07-21','DRA. ROSA ARMIDA VERDUGO QUINTERO','','','','LIC. LAURA ELENA ISLAS MEDINA','6671-58-71-63','PITRT5010@UAS.EDU.MX'),('05020','FACULTAD DE TRABAJO SOCIAL CULIACÁN','SUPERIOR','CENTRO','   7-12-92-93','DRA. ANA GABRIELA JACOBO FLORES','','','','LIC. NATHALY DE JESÚS HERNÁNDEZ MUÑOZ','6672-16-49-59','PITRT5020@UAS.EDU.MX'),('05022','FACULTAD DE TRABAJO SOCIAL CULIACÁN SEMIESCOLARIZADA','SUPERIOR','CENTRO','   7-12-92-93','DRA. ANA GABRIELA JACOBO FLORES','','','','LIC. NATHALY DE JESÚS HERNÁNDEZ MUÑOZ','6672-16-49-59','PITRT5020@UAS.EDU.MX'),('05410','ESCUELA SUPERIOR DE ENFERMERÍA LOS MOCHIS','SUPERIOR','NORTE','6688-12-64-05','M.C.I.E.  LUZ ESTER VERDUGO BLANCO','','','','LEO. MARÍA ELENA FERNÁNDEZ LÓPEZ','6681-72-36-60','PITRT5410@UAS.EDU.MX'),('05420','FACULTAD DE TRABAJO SOCIAL LOS MOCHIS','SUPERIOR','NORTE','6688-12-33-01','M.C. MAYRA ANGELICA SALAZAR CERON','','','','LIC. VERONICA GUERRERO KARASS','6681-62-12-11','PITRT5420@UAS.EDU.MX'),('05810','FACULTAD DE TRABAJO SOCIAL MAZATLÁN','SUPERIOR','SUR','   9-90-18-59','DRA. NIDIA YUNIBA BRUN CORONA','','','','LIC. CRISTIAN LORENA MORENO LIZARRAGA ','6694-31-55-86','PITRT5810@UAS.EDU.MX'),('05820','ESCUELA SUPERIOR DE ENFERMERÍA MAZATLÁN','SUPERIOR','SUR','   9-85-18-02','DRA. CRISTINA GONZÁLEZ RENDÓN','','','','MCE. MAURA LILIANA LLAMAS ESTRADA','6692-05-61-09','PITRT5820@UAS.EDU.MX'),('06010','PREPARATORIA 8 DE JULIO','MEDIO SUPERIOR','CENTRO','   7-22-53-66','LIC. MANUELA PEREZ CASTRO','','','','MAYRA CRISTINA OLIVAS SALAZAR ','6673-20-13-90','PITRT6010@UAS.EDU.MX'),('06011','PREPARATORIA 8 DE JULIO EXTENSION GABINO BARREDA','MEDIO SUPERIOR','CENTRO','   7-22-53-66','LIC. MANUELA PEREZ CASTRO','','','','MAYRA CRISTINA OLIVAS SALAZAR ','6673-20-13-90','PITRT6011@UAS.EDU.MX'),('06020','PREPARATORIA SEMIESCOLARIZADA','MEDIO SUPERIOR','CENTRO','   7-16-34-86','LIC. MISAEL SALAZAR SILVAS','','','','LCP. CÉSAR FABIÁN LÓPEZ ITURRIOS','6671-58-64-72','PITRT6020@UAS.EDU.MX'),('06030','PREPARATORIA CARLOS MARX','MEDIO SUPERIOR','CENTRO','   7-28-09-66','LAE. JUAN DE DIOS HAM MENDÍVIL','','','','LIC. CÉSAR GERONIMO LEÓN VERDUGO ','6671-50-20-75','PITRT6030@UAS.EDU.MX'),('06040','PREPARATORIA CENTRAL DIURNA                                 ','MEDIO SUPERIOR','CENTRO','   7-12-17-28','MC. FERNANDO ELEAZAR ACOSTA CRUZ','','','','PSIC. KARLA LIZETTE RODRÍGUEZ PEÑA','6674-77-86-80','PITRT6040@UAS.EDU.MX'),('06041','PREPARATORIA CENTRAL DIURNA EXTENSIÓN TEPUCHE','MEDIO SUPERIOR','CENTRO','   7-12-17-28','MC. FERNANDO ELEAZAR ACOSTA CRUZ','','','','PSIC. YESENIA DE JESÚS ORTÍZ VALDÉZ','6672-03-30-73','PITRT6041@UAS.EDU.MX'),('06050','PREPARATORIA CENTRAL NOCTURNA','MEDIO SUPERIOR','CENTRO','   7-12-56-71','LIC. SANTOS ALEJANDRINA ZAZUETA LÓPEZ','','','','PSIC. LOURDES MARIANA LÓPEZ MORENO','6671-25-51-83','PITRT6050@UAS.EDU.MX'),('06051','PREPARATORIA CENTRAL NOCTURNA MODALIDAD SEMIESCOLARIZADA','MEDIO SUPERIOR','CENTRO','   7-12-56-71','LIC. SANTOS ALEJANDRINA ZAZUETA LÓPEZ','','','','PSIC. DULCE MARÍA DEL ROCÍO OSUNA VILLA','6671-74-70-36','PITRT6051@UAS.EDU.MX'),('06060','PREPARATORIA EMILIANO ZAPATA','MEDIO SUPERIOR','CENTRO','   7-16-06-07','LCP. IVONNECK CARRASCO ANGULO','','','','LCP. DENISSE LISANDRA BURGUEÑO  ALOR','6671-52-77-15','PITRT6060@UAS.EDU.MX'),('06070','PREPARATORIA HERACLIO BERNAL','MEDIO SUPERIOR','CENTRO','6969-65-00-93','CD. HUGO ALFREDO SANTOS BALLARDO','','','','ING. JOSÉ MARÍA  GONZÁLEZ CAMPAÑA','6961-07-23-64','PITRT6070@UAS.EDU.MX'),('06071','PREPARATORIA HERACLIO BERNAL EXTENSION EL ESPINAL','MEDIO SUPERIOR','CENTRO','6969-65-00-93','CD. HUGO ALFREDO SANTOS BALLARDO','','','','ING. JOSÉ MARÍA  GONZÁLEZ CAMPAÑA','6961-07-23-64','PITRT6070@UAS.EDU.MX'),('06080','PREPARATORIA HERMANOS FLORES MAGON','MEDIO SUPERIOR','CENTRO','   7-15-06-65','DR. BALTAZAR PÉREZ CERVANTES','','','','ING. LUZ DEL CARMEN FÉLIX GARAY','6671-05-73-22','PITRT6080@UAS.EDU.MX'),('06081','PREPARATORIA HERMANOS FLORES MAGÓN EXTENSION BADIRAGUATO','MEDIO SUPERIOR','CENTRO','   7-15-06-65','DR. BALTAZAR PÉREZ CERVANTES','','','','ING. LUZ DEL CARMEN FÉLIX GARAY','6671-05-73-22',''),('06090','PREPARATORIA LA CRUZ                                        ','MEDIO SUPERIOR','CENTRO','6969-61-01-84','IBQ. QUETZALLI ALEJANDRA HERNÁNDEZ ZÁRATE','','','','LEE. DULCE LILIANA HERNÁNDEZ RODRÍGUEZ','6961-00-40-72','PITRT6090@UAS.EDU.MX'),('06091','PREPARATORIA LA CRUZ EXTENSION POTRERILLO','MEDIO SUPERIOR','CENTRO','6969-61-01-84','IBQ. QUETZALLI ALEJANDRA HERNÁNDEZ ZÁRATE','','','','LEE. DULCE LILIANA HERNÁNDEZ RODRÍGUEZ','6961-00-40-72','PITRT6090@UAS.EDU.MX'),('06092','PREPARATORIA LA CRUZ EXTENSION LAGUNA DE CANACHI','MEDIO SUPERIOR','CENTRO','6969-61-01-84','IBQ. QUETZALLI ALEJANDRA HERNÁNDEZ ZÁRATE','','','','LEE. DULCE LILIANA HERNÁNDEZ RODRÍGUEZ','6961-00-40-72','PITRT6090@UAS.EDU.MX'),('06093','PREPARATORIA LA CRUZ EXTENSION HECTOR MELESIO CUEN OJEDA','MEDIO SUPERIOR','CENTRO','6969-61-01-84','IBQ. QUETZALLI ALEJANDRA HERNÁNDEZ ZÁRATE','','','','LEE. DULCE LILIANA HERNÁNDEZ RODRÍGUEZ','6961-00-40-72','PITRT6090@UAS.EDU.MX'),('06094','PREPARATORIA LA CRUZ EXTENSION EL SALADITO','MEDIO SUPERIOR','CENTRO','6969-61-01-84','IBQ. QUETZALLI ALEJANDRA HERNÁNDEZ ZÁRATE','','','','LEE. DULCE LILIANA HERNÁNDEZ RODRÍGUEZ','6961-00-40-72','PITRT6090@UAS.EDU.MX'),('06095','PREPARATORIA LA CRUZ EXTENSIÓN JACOLA','MEDIO SUPERIOR','CENTRO','6969-61-01-84','IBQ. QUETZALLI ALEJANDRA HERNÁNDEZ ZÁRATE','','','','LEE. DULCE LILIANA HERNÁNDEZ RODRÍGUEZ','6961-00-40-72','PITRT6090@UAS.EDU.MX'),('06100','PREPARATORIA GENARO VÁZQUEZ ROJAS','MEDIO SUPERIOR','CENTRO','6727-22-03-94','LCP. MARÍA LUISA BARRIOS BAUTISTA','','','','LIC. GALINDO VALENCIA TIRSO IVAN','6673-50-00-54','PITRT6100@UAS.EDU.MX'),('06101','PREPARATORIA 2 DE OCTUBRE','MEDIO SUPERIOR','CENTRO','   7-23-01-33','DR. JUAN HINOJOZA PARDO','','','','PSIC. KATHYA SCARLET GUTIÉRREZ MARTÍN','6671-80-85-69','PITRT6101@UAS.EDU.MX'),('06110','PREPARATORIA NAVOLATO                                       ','MEDIO SUPERIOR','CENTRO','6727-27-00-38','DRA. ANGÉLICA MARIA LÁZARE GONZÁLEZ','','','','MC. ARNOLDO LLANES MEDINA ','6673-36-34-32','PITRT6110@UAS.EDU.MX'),('06111','PREPARATORIA NAVOLATO EXTENSION SATAYA','MEDIO SUPERIOR','CENTRO','6727-27-00-38','DRA. ANGÉLICA MARIA LÁZARE GONZÁLEZ','','','','PSIC. LILIA ISABEL CONTRERAS RAMÍREZ','6673-41-25-47','PITRT6111@UAS.EDU.MX'),('06112','PREPARATORIA NAVOLATO EXTENSION VILLA JUAREZ','MEDIO SUPERIOR','CENTRO','6727-27-00-38','DRA. ANGÉLICA MARIA LÁZARE GONZÁLEZ','','','','LIC. MARIBEL VÁZQUEZ DÍAZ','6671-83-29-99','PITRT6112@UAS.EDU.MX'),('06120','PREPARATORIA DR. SALVADOR ALLENDE','MEDIO SUPERIOR','CENTRO','   7-13-16-22','MC. LOURDES ARACELI VARGAS PAREDES','','','','PSIC. JOSÉ MANUEL VELÁZQUEZ VERDUGO','6672-27-15-60','PITRT6120@UAS.EDU.MX'),('06121','PREPARATORIA DR. SALVADOR ALLENDE EXTENSION MARCELO LOYA ORNELAS','MEDIO SUPERIOR','CENTRO','   7-13-16-22','MC. LOURDES ARACELI VARGAS PAREDES','','','','PSIC. JOSÉ MANUEL VELÁZQUEZ VERDUGO','6672-27-15-60',''),('06130','PREPARATORIA AUGUSTO CESAR SANDINO','MEDIO SUPERIOR','CENTRO','   1-73-40-26','DRA. GUADALUPE CASTRO DÍAZ','','','','PSIC. GEYSI KARELI MARTINEZ MACHADO ','6677-98-19-17','PITRT6130@UAS.EDU.MX'),('06131','PREPARATORIA RAFAEL BUELNA TENORIO','MEDIO SUPERIOR','CENTRO','   1-73-02-26','LIC. CÉSAR RAFAEL ARROYO COTA','','','','LIC. LUZ DEL CARMEN CASTRO TORRES','6672-13-84-10','PITRT6131@UAS.EDU.MX'),('06132','PREPARATORIA AUGUSTO CESAR SANDINO EXTENSIÓN EL DIEZ','MEDIO SUPERIOR','CENTRO','   1-73-40-26','DRA. GUADALUPE CASTRO DÍAZ','','','','PSIC. BRENDA BERENICE COTA GUERRERO ','6671-64-45-91','PITRT6132@UAS.EDU.MX'),('06140','PREPARATORIA VLADIMIR I. LENIN','MEDIO SUPERIOR','CENTRO','   7-26-10-22','ING. EDWIN DANIEL ARREDONDO GONZÁLEZ','','','','PSIC. JUAN ENRIQUE LOPEZ VILLA','6677-56-24-48','PITRT6140@UAS.EDU.MX'),('06141','PREPARATORIA VLADIMIR I. LENIN EXTENSION EL ATORON','MEDIO SUPERIOR','CENTRO','   7-26-10-22','ING. EDWIN DANIEL ARREDONDO GONZÁLEZ','','','','PSIC. JUAN ENRIQUE LOPEZ VILLA','6677-56-24-48','PITRT6140@UAS.EDU.MX'),('06142','PREPARATORIA VLADIMIR I. LENIN EXTENSION PORTACELI','MEDIO SUPERIOR','CENTRO','   7-26-10-22','ING. EDWIN DANIEL ARREDONDO GONZÁLEZ','','','','PSIC. JUAN ENRIQUE LOPEZ VILLA','6677-56-24-48','PITRT6140@UAS.EDU.MX'),('06143','PREPARATORIA VLADIMIR I. LENIN GRUPO DESPLAZADOS EL HIGUERAL','MEDIO SUPERIOR','CENTRO','   7-26-10-22','ING. EDWIN DANIEL ARREDONDO GONZÁLEZ','','','','PSIC. JUAN ENRIQUE LOPEZ VILLA','6677-56-24-48','PITRT6140@UAS.EDU.MX'),('06145','PREPARATORIA QUILÁ','MEDIO SUPERIOR','CENTRO','    -  -  -','DR. SANTIAGO CASTAÑOS GERARDO','','','','LIC. IRIS LUCIA FLORES TOSTADO','6672-15-12-13','PITRT6145@UAS.EDU.MX'),('06146','PREPARATORIA QUILÁ EXTENSION JOSÉ VASCONSELOS','MEDIO SUPERIOR','CENTRO','  77-95-57-21','DR. SANTIAGO CASTAÑOS GERARDO','','','','LIC. IRIS LUCIA FLORES TOSTADO','6672-15-12-13','PITRT6145@UAS.EDU.MX'),('06147','PREPARATORIA QUILÁ EXTENSION HIGUERAS DE ABUYA','MEDIO SUPERIOR','CENTRO','  77-95-57-21','DR. SANTIAGO CASTAÑOS GERARDO','','','','LIC. IRIS LUCIA FLORES TOSTADO','6672-15-12-13','PITRT6145@UAS.EDU.MX'),('06148','PREPARATORIA QUILÁ EXTENSION TACUICHAMONA','MEDIO SUPERIOR','CENTRO','  77-95-57-21','DR. SANTIAGO CASTAÑOS GERARDO','','','','LIC. IRIS LUCIA FLORES TOSTADO','6672-15-12-13','PITRT6145@UAS.EDU.MX'),('06150','PREPARATORIA VICTORIA DEL PUEBLO','MEDIO SUPERIOR','CENTRO','   7-10-08-30','LIC. ARTEMIO ORTÍZ PÉREZ','','','','PSIC. LETICIA TEJADA BARAJAS','6673-03-25-12','PITRT6150@UAS.EDU.MX'),('07010','PREPARATORIA CIUDAD UNIVERSITARIA LOS MOCHIS','MEDIO SUPERIOR','NORTE','6688-19-73-47','LIC. LEOPOLDO URIBE SEPÚLVEDA','','','','LIC. ALMA CELIA FIERRO ARROYO','6681-90-82-29','PITRT7010@UAS.EDU.MX'),('07011','PREPARATORIA C.U. MOCHIS (SEMIESCOLARIZADA)','MEDIO SUPERIOR','NORTE','6688-19-73-47','LIC. LEOPOLDO URIBE SEPÚLVEDA','','','','LIC. GUADALUPE SOTO DOMÍNGUEZ','6688-30-20-20','PITRT7011@UAS.EDU.MX'),('07020','PREPARATORIA VALLE DEL CARRIZO','MEDIO SUPERIOR','NORTE','6688-65-05-35','ING. JESÚS ALFREDO ESCALANTE MONDACA','','','','LIC. ADANI MARISOL SOTO CHAVEZ','6681-13-62-63','PITRT7020@UAS.EDU.MX'),('07030','PREPARATORIA EL FUERTE','MEDIO SUPERIOR','NORTE','6988-93-19-69','LIC. ISIDORO ARMENTA BAEZA','','','','','    -  -  -','PITRT7030@UAS.EDU.MX'),('07031','PREPARATORIA EL FUERTE EXTENSION CHINOBAMPO','MEDIO SUPERIOR','NORTE','6988-93-19-69','LIC. ISIDORO ARMENTA BAEZA','','','','','    -  -  -','PITRT7030@UAS.EDU.MX'),('07032','PREPARATORIA EL FUERTE EXTENSION TRES GARANTÍAS','MEDIO SUPERIOR','NORTE','6988-93-19-69','LIC. ISIDORO ARMENTA BAEZA','','','','','    -  -  -','PITRT7030@UAS.EDU.MX'),('07040','PREPARATORIA JUAN JOSE RIOS','MEDIO SUPERIOR','NORTE','6878-96-15-51','M.E. MÓNICA ARMENTA ELENES','','','','PSIC. YADIRA GONZÁLEZ ROMÁN','6878-77-67-14','PITRT7040@UAS.EDU.MX'),('07050','PREPARATORIA LOS MOCHIS                                  ','MEDIO SUPERIOR','NORTE','6688-12-99-20','LIC. JOSE JAIME GUTIÉRREZ ESQUIVEL','','','','BIOL. TERESITA DE JESÚS MILLÁN VALENZUELA','6681-64-09-08','PITRT7050@UAS.EDU.MX'),('07051','PREPARATORIA LOS MOCHIS EXTENSIÓN MACAPULE','MEDIO SUPERIOR','NORTE','6688-12-99-20','LIC. JOSE JAIME GUTIÉRREZ ESQUIVEL','','','','','    -  -  -',''),('07060','PREPARATORIA RUIZ CORTINEZ','MEDIO SUPERIOR','NORTE','6878-97-18-99','MC. ROGELIO NAVARRO CISNERO','','','','DULCE ANTONIA VELAZQUEZ PEÑA ','6871-81-52-81','PITRT7060@UAS.EDU.MX'),('07061','PREPARATORIA RUIZ CORTINEZ EXTENSION CERRO CABEZÓN','MEDIO SUPERIOR','NORTE','6878-97-18-99','MC. ROGELIO NAVARRO CISNERO','','','','MILAGRO CERNA HERNANDEZ ','6872-15-58-68','PITRT7061@UAS.EDU.MX'),('07062','PREPARATORIA RUIZ CORTINEZ EXTENSION BACHOCO','MEDIO SUPERIOR','NORTE','6878-97-18-99','MC. ROGELIO NAVARRO CISNERO','','','','MILAGRO CERNA HERNANDEZ ','6872-15-58-68','PITRT7062@UAS.EDU.MX'),('07063','PREPARATORIA VENANCIO LEYVA MURILLO EXTENSION ALFONSO G. CALDERÓN','MEDIO SUPERIOR','CENTRO NORTE','    -  -  -','DR. ARTURO VEGA ESCALANTE ','','','','','    -  -  -','PITRT7063@UAS.EDU.MX'),('07064','PREPARATORIA RUIZ CORTINEZ EXTENSION BATAMOTE','MEDIO SUPERIOR','NORTE','6878-97-18-99','MC. ROGELIO NAVARRO CISNERO','','','','MILAGRO CERNA HERNANDEZ ','6872-15-58-68','PITRT7064@UAS.EDU.MX'),('07070','PREPARATORIA SAN BLAS','MEDIO SUPERIOR','NORTE','6988-94-01-89','MC. SALVADOR BARAJAS LEDON','','','','ING. EDGAR ALBERTO ABOYTE OCHOA','6981-04-11-64','PITRT7070@UAS.EDU.MX'),('07071','PREPARATORIA SAN BLAS EXTENSION CONSTANCIA','MEDIO SUPERIOR','NORTE','6988-94-01-89','MC. SALVADOR BARAJAS LEDON','','','','LDH. ROSSELY BARRERAS MIRANDA','6681-11-91-43','PITRT7071@UAS.EDU.MX'),('07072','PREPARATORIA SAN BLAS EXTENSION HIGUERAS DE LOS NATOCHIS','MEDIO SUPERIOR','NORTE','6988-94-01-89','MC. SALVADOR BARAJAS LEDON','','','','LTB. GREGORIO ABOYTE OCHOA','6981-11-96-75','PITRT7072@UAS.EDU.MX'),('07080','PREPARATORIA CHOIX','MEDIO SUPERIOR','NORTE','6988-89-56-93','ING. OSCAR MAURICIO HEREDIA RUIZ','','','','L.E. CARMEN YARELY PORTILLO LUNA','6981-04-26-53','PITRT7080@UAS.EDU.MX'),('07081','PREPARATORIA CHOIX EXTENSION SAN JAVIER','MEDIO SUPERIOR','NORTE','6988-89-56-93','ING. OSCAR MAURICIO HEREDIA RUIZ','','','','L.E. CARMEN YARELY PORTILLO LUNA','6981-04-26-53','PITRT7080@UAS.EDU.MX'),('07610','PREPARATORIA ANGOSTURA                                      ','MEDIO SUPERIOR','CENTRO NORTE','6977-34-03-10','LIC. MARÍA DEL CARMEN CAMACHO JUÁREZ','','','','C. KARLA MONTOYA ANGULO','6977-29-67-11','PITRT7610@UAS.EDU.MX'),('07620','PREPARATORIA GUAMUCHIL','MEDIO SUPERIOR','CENTRO NORTE','6734-72-78-83','LIC. EDGAR OMAR MORENO GÁMEZ','','','','LIC. SOCORRO DE JESÚS PAYÁN CÁZAREZ','6731-06-41-52','PITRT7020@UAS.EDU.MX'),('07621','PREPARATORIA GUAMUCHIL EXTENSION LAS BRISAS','MEDIO SUPERIOR','CENTRO NORTE','6734-72-78-83','LIC. EDGAR OMAR MORENO GÁMEZ','','','','LIC. LAURA ALICIA TRUJILLO HEREDIA ','6731-03-19-32','PITRT7621@UAS.EDU.MX'),('07630','PREPARATORIA GUASAVE DIURNA','MEDIO SUPERIOR','CENTRO NORTE','6878-72-60-81','QFB. NORA LEYVA LEYVA','','','','PSIC. PATRICIA GUADALUPE CASTRO LÓPEZ','6871-29-02-86','PITRT7630@UAS.EDU.MX'),('07632','PREPARATORIA GUASAVE DIURNA EXTENSIÓN LIBERATO TERÁN OLGUÍN','MEDIO SUPERIOR','CENTRO NORTE','6878-72-60-81','QFB. NORA LEYVA LEYVA','','','','KARLA CECILLIA CAMPOS VALDEZ','    -  -  -','PITRT7632@UAS.EDU.MX'),('07633','PREPARATORIA VENANCIO LEYVA MURILLO EXTENSION MEZQUITE ALTO','MEDIO SUPERIOR','CENTRO NORTE','    -  -  -','DR. ARTURO VEGA ESCALANTE ','','','','','    -  -  -','PITRT7633@UAS.EDU.MX'),('07634','PREPARATORIA GUASAVE DIURNA EXTENSION HUITUSSI','MEDIO SUPERIOR','CENTRO NORTE','6878-72-60-81','QFB. NORA LEYVA LEYVA','','','','KARLA CECILLIA CAMPOS VALDEZ','    -  -  -','PITRT7634@UAS.EDU.MX'),('07635','PREPARATORIA GUASAVE DIURNA EXTENSIÓN LA TRINIDAD','MEDIO SUPERIOR','CENTRO NORTE','6878-72-60-81','QFB. NORA LEYVA LEYVA','','','','KARLA CECILLIA CAMPOS VALDEZ','    -  -  -','PITRT7635@UAS.EDU.MX'),('07636','PREPARATORIA VENANCIO LEYVA MURILLO','MEDIO SUPERIOR','CENTRO NORTE','    -  -  -','DR. ARTURO VEGA ESCALANTE ','','','','LIC. JESUS YESENIA LOPEZ CAMPOS','6871-57-73-68','PITRT7636@UAS.EDU.MX'),('07637','PREPARATORIA GUASAVE DIURNA EXTENSIÓN TERAHUITO','MEDIO SUPERIOR','CENTRO NORTE','6878-72-60-81','QFB. NORA LEYVA LEYVA','','','','KARLA CECILLIA CAMPOS VALDEZ','    -  -  -','PITRT7637@UAS.EDU.MX'),('07638','PREPARATORIA GUASAVE DIURNA EXTENSION LAS MORAS','MEDIO SUPERIOR','CENTRO NORTE','6878-72-60-81','QFB. NORA LEYVA LEYVA','','','','KARLA CECILLIA CAMPOS VALDEZ','    -  -  -','PITRT7638@UAS.EDU.MX'),('07639','PREPARATORIA GUASAVE DIURNA EXTENSION LA ENTRADA','MEDIO SUPERIOR','CENTRO NORTE','6878-72-60-81','QFB. NORA LEYVA LEYVA','','','','KARLA CECILLIA CAMPOS VALDEZ','    -  -  -','PITRT7639@UAS.EDU.MX'),('07640','PREPARATORIA GUASAVE NOCTURNA','MEDIO SUPERIOR','CENTRO NORTE','6878-72-11-10','MC. JOSÉ ANTONIO HUERTA SANDOVAL','','','','DRA. MÓNICA LILIANA RIVERA OBREGÓN','6871-21-07-92','PITRT7640@UAS.EDU.MX'),('07643','PREPARATORIA GUASAVE NOCTURNA EXTENSION TERAHUITO','MEDIO SUPERIOR','CENTRO NORTE','6878-72-11-10','MC. JOSÉ ANTONIO HUERTA SANDOVAL','','','','DRA. MÓNICA LILIANA RIVERA OBREGÓN','6871-21-07-92','PITRT7640@UAS.EDU.MX'),('07648','PREPARATORIA VENANCIO LEYVA MURILLO EXTENSION ESTACIÓN NARANJO','MEDIO SUPERIOR','CENTRO NORTE','    -  -  -','DR. ARTURO VEGA ESCALANTE ','','','','','    -  -  -','PITRT67648@UAS.EDU.MX'),('07649','PREPARATORIA VENANCIO LEYVA MURILLO EXTENSION GENARO ESTRADA','MEDIO SUPERIOR','CENTRO NORTE','    -  -  -','DR. ARTURO VEGA ESCALANTE ','','','','','    -  -  -','PITRT7649@UAS.EDU.MX'),('07650','PREPARATORIA LA REFORMA','MEDIO SUPERIOR','CENTRO NORTE','6977-33-02-77','LEE. NAYELLI CAMACHO CASTRO','','','','C. BERTHILLA A. VALLE FLORES','6646-09-97-46','PITRT7650@UAS.EDU.MX'),('07651','PREPARATORIA LA REFORMA EXTENSION GATO DE LARA','MEDIO SUPERIOR','CENTRO NORTE','6977-33-02-77','LEE. NAYELLI CAMACHO CASTRO','','','','C. BERTHILLA A. VALLE FLORES','6646-09-97-46','PITRT7651@UAS.EDU.MX'),('07652','PREPARATORIA LA REFORMA EXTENSION COSTA AZUL','MEDIO SUPERIOR','CENTRO NORTE','6977-33-02-77','LEE. NAYELLI CAMACHO CASTRO','','','','C. BERTHILLA A. VALLE FLORES','6646-09-97-46','PITRT7652@UAS.EDU.MX'),('07653','PREPARATORIA LA REFORMA EXTENSION CHINITOS','MEDIO SUPERIOR','CENTRO NORTE','6977-33-02-77','LEE. NAYELLI CAMACHO CASTRO','','','','C. BERTHILLA A. VALLE FLORES','6646-09-97-46','PITRT7653@UAS.EDU.MX'),('07654','PREPARATORIA LA REFORMA EXTENSION AGUSTINA RAMÍREZ','MEDIO SUPERIOR','CENTRO NORTE','6977-33-02-77','LEE. NAYELLI CAMACHO CASTRO','','','','C. BERTHILLA A. VALLE FLORES','6646-09-97-46','PITRT7654@UAS.EDU.MX'),('07660','PREPARATORIA LAZARO CARDENAS','MEDIO SUPERIOR','CENTRO NORTE','6737-35-02-65','DR. ALFONSO ENRIQUE FRANCIS BROWN','','','','LIC. NEREYDA GONZALEZ CERVANTES','6731-00-77-57','PITRT7660@UAS.EDU.MX'),('07661','PREPARATORIA LAZARO CARDENAS EXTENSION CERRO AGUDO','MEDIO SUPERIOR','CENTRO NORTE','6737-35-02-65','DR. ALFONSO ENRIQUE FRANCIS BROWN','','','','LIC. NEREYDA GONZALEZ CERVANTES','6731-00-77-57','PITRT7661@UAS.EDU.MX'),('07662','PREPARATORIA VENANCIO LEYVA MURILLO EXTENSION MARIA DEL ROSARIO VELAZQUEZ MEZA','MEDIO SUPERIOR','CENTRO NORTE','    -  -  -','DR. ARTURO VEGA ESCALANTE ','','','','','    -  -  -','PITRT7662@UAS.EDU.MX'),('07670','PREPARATORIA CASA BLANCA','MEDIO SUPERIOR','CENTRO NORTE','6877-21-31-04','MC. REYNALDO CASTRO ANGULO','','','','PSIC. IRIS MABEL LEY SÁNCHEZ','    -  -  -','PITRT7670@UAS.EDU.MX'),('07671','PREPARATORIA CASA BLANCA EXTENSION PALOS VERDE','MEDIO SUPERIOR','CENTRO NORTE','6877-21-31-04','MC. REYNALDO CASTRO ANGULO','','','','PSIC. IRIS MABEL LEY SÁNCHEZ','    -  -  -','PITRT7671@UAS.EDU.MX'),('07672','PREPARATORIA CASA BLANCA EXTENSION PROGRESO','MEDIO SUPERIOR','CENTRO NORTE','6877-21-31-04','MC. REYNALDO CASTRO ANGULO','','','','PSIC. IRIS MABEL LEY SÁNCHEZ','    -  -  -','PITRT7672@UAS.EDU.MX'),('07673','PREPARATORIA CASA BLANCA EXTENSION NÍO','MEDIO SUPERIOR','CENTRO NORTE','6877-21-31-04','MC. REYNALDO CASTRO ANGULO','','','','LN. LEZLY NAIZIN CAMACHO HERNANDEZ','6871-30-89-73','PITRTCBNIO@UAS.EDU.MX'),('07674','PREPARATORIA CASA BLANCA GRUPO DESPLAZADO BAMOA','MEDIO SUPERIOR','CENTRO NORTE','6877-21-31-04','MC. REYNALDO CASTRO ANGULO','','','','LIC. ARNOLDO MORALES VALLE','6671-03-13-27','PITRTCBBAMOA@UAS.EDU.MX'),('07675','PREPARATORIA CASA BLANCA GRUPO DESPLAZADO LEÓN FONSECA','MEDIO SUPERIOR','CENTRO NORTE','6877-21-31-04','MC. REYNALDO CASTRO ANGULO','','','','LIC. ARNOLDO MORALES VALLE','6671-03-13-27','PITRTCBBAMOA@UAS.EDU.MX'),('08210','PREPARATORIA CONCORDIA ','MEDIO SUPERIOR','SUR','6949-68-12-48','LIC. ALEJO ARMANDO VALDEZ CAMACHO','','','','LIC. RAQUEL MONROY SALAZAR','6694-31-65-09','PITRT8210@UAS.EDU.MX'),('08211','PREPARATORIA CONCORDIA EXTENSION EL QUELITE','MEDIO SUPERIOR','SUR','6949-68-12-48','LIC. ALEJO ARMANDO VALDEZ CAMACHO ','','','','LIC. RAQUEL MONROY SALAZAR','6694-31-65-09','PITRT8210@UAS.EDU.MX'),('08212','PREPARATORIA CONCORDIA EXTENSION POTRERILLOS','MEDIO SUPERIOR','SUR','6949-68-12-48','LIC. ALEJO ARMANDO VALDEZ CAMACHO ','','','','LIC. RAQUEL MONROY SALAZAR','6694-31-65-09','PITRT8210@UAS.EDU.MX'),('08213','PREPARATORIA CONCORDIA EXTENSION AGUACALIENTE DE GÁRATE','MEDIO SUPERIOR','SUR','6949-68-12-48','LIC. ALEJO ARMANDO VALDEZ CAMACHO ','','','','LIC. RAQUEL MONROY SALAZAR','6694-31-65-09','PITRT8210@UAS.EDU.MX'),('08214','PREPARATORIA CONCORDIA EXTENSION LA NORIA ','MEDIO SUPERIOR','SUR','6949-68-12-48','LIC. ALEJO ARMANDO VALDEZ CAMACHO ','','','','LIC. RAQUEL MONROY SALAZAR','6694-31-65-09','PITRT8210@UAS.EDU.MX'),('08215','PREPARATORIA CONCORDIA EXTENSION EL VERDE','MEDIO SUPERIOR','SUR','6949-68-12-48','LIC. ALEJO ARMANDO VALDEZ CAMACHO ','','','','LIC. RAQUEL MONROY SALAZAR','6694-31-65-09','PITRT8210@UAS.EDU.MX'),('08220','PREPARATORIA CMDTE. VÍCTOR MANUEL TIRADO','MEDIO SUPERIOR','SUR','6949-52-01-59','MC. JESUS ARCADIO BARRÓN SÁNCHEZ ','','','','DR. MARLON YAIR LUNA TRUJILLO','6691-42-05-13','PITRT8220@UAS.EDU.MX'),('08221','PREPARATORIA CMDTE. VÍCTOR MANUEL TIRADO EXTENSION AGUA VERDE','MEDIO SUPERIOR','SUR','6949-52-01-59','MC. JESUS ARCADIO BARRÓN SÁNCHEZ ','','','','DR. MARLON YAIR LUNA TRUJILLO','6691-42-05-13','PITRT8220@UAS.EDU.MX'),('08222','PREPARATORIA CMDTE. VÍCTOR MANUEL TIRADO EXTENSION LOS POZOS','MEDIO SUPERIOR','SUR','6949-52-01-59','MC. JESUS ARCADIO BARRÓN SÁNCHEZ ','','','','DR. MARLON YAIR LUNA TRUJILLO','6691-42-05-13','PITRT8220@UAS.EDU.MX'),('08230','PREPARATORIA ESCUINAPA','MEDIO SUPERIOR','SUR','6959-53-40-15','MC. JOSÉ ALBERTO CASTRO RUELAS ','','','','LIC. SIBONEY GUADALUPE POLANCO LAM','6951-09-73-84','PITRT8230@UAS.EDU.MX'),('08231','PREPARATORIA ESCUINAPA EXTENSION ISLA DEL BOSQUE','MEDIO SUPERIOR','SUR','6959-53-40-15','MC. JOSÉ ALBERTO CASTRO RUELAS ','','','','LIC. SIBONEY GUADALUPE POLANCO LAM','6951-09-73-84','PITRT8230@UAS.EDU.MX'),('08232','PREPARATORIA ESCUINAPA EXTENSION TEACAPÁN','MEDIO SUPERIOR','SUR','6959-53-40-15','MC. JOSÉ ALBERTO CASTRO RUELAS ','','','','LIC. SIBONEY GUADALUPE POLANCO LAM','6951-09-73-84','PITRT8230@UAS.EDU.MX'),('08240','PREPARATORIA MAZATLAN DIURNA','MEDIO SUPERIOR','SUR','   9-81-06-32','MC. JOHANN OSWALDO ABITIA COLLAZO','','','','LIC. CATALINA DIAZ MARTINEZ','6692-13-47-89','PITRT8240@UAS.EDU.MX'),('08250','PREPARATORIA ANTONIO ROSALES','MEDIO SUPERIOR','SUR','   9-81-10-65','DRA. ZENAIDA LÓPEZ CABANILLAS','','','','LIC. JESÚS ANGELICA OSUNA OSUNA','6691-49-59-85','PITRT8250@UAS.EDU.MX'),('08251','PREPARATORIA ANTONIO ROSALES EXTENSION MARMOL','MEDIO SUPERIOR','SUR','   9-81-10-65','DRA. ZENAIDA LÓPEZ CABANILLAS','','','','LIC. JESÚS ANGELICA OSUNA OSUNA','6691-49-59-85','PITRT8250@UAS.EDU.MX'),('08260','PREPARATORIA RUBEN JARAMILLO','MEDIO SUPERIOR','SUR','   9-85-49-67','LIC. JOAQUÍN PANTALEÓN ESCOBAR MORENO','','','','LIC. AIDE TOSTADO RAMIREZ ','6699-18-53-20','PITRT8260@UAS.EDU.MX'),('08261','PREPARATORIA VILLA UNION','MEDIO SUPERIOR','SUR','   9-67-31-31','MC. MA. CONCEPCIÓN LIZÁRRAGA SÁNCHEZ','','','','LIC. VERÓNICA ARREDONDO MONÁRREZ ','6691-06-04-78','PITRT8261@UAS.EDU.MX'),('08271','PREPARATORIA SAN IGNACIO','MEDIO SUPERIOR','SUR','6969-62-58-52','LIC. GABRIEL CORDERO GARCIA ','','','','PSIC. LUISIANA PATRICIA TORRES HERRERA','6672-08-29-45','PITRT8271@UAS.EDU.MX'),('08272','PREPARATORIA SAN IGNACIO EXTENSION PIAXTLA','MEDIO SUPERIOR','SUR','6969-62-58-52','LIC. GABRIEL CORDERO GARCIA ','','','','PSIC. LUISIANA PATRICIA TORRES HERRERA','6672-08-29-45','PITRT8271@UAS.EDU.MX'),('09011','CENTRO DE ESTUDIO DE IDIOMAS CULIACÁN','SUPERIOR','CENTRO','   7-16-85-20','DR. RIGOBERTO RODRÍGUEZ  GARCÍA ','','','','JOSE VLADIRMIR PAREDES CUEVAS','6672-65-15-54','PITRT9011@UAS.EDU.MX'),('09050','UNIDAD ACADÉMICA DE ARTES','SUPERIOR','CENTRO','   7-12-49-70','MC. HOMAR ARNOLDO MEDINA BARREDA','','','','LIC. FRANCISCO JAVIER COBIAN MURILLO','6677-74-22-20','PITRT9050@UAS.EDU.MX'),('09060','ESCUELA DE ARTES PLÁSTICAS','SUPERIOR','CENTRO','   7-13-71-55','LIC. ADRIAN IBARRA URQUIDEZ','','','','C. YOLANDA DEL REFUGIO SOTO CASTRO','6674-01-34-91','PITRT9060@UAS.EDU.MX'),('09411','CENTRO DE ESTUDIOS DE IDIOMAS LOS MOCHIS','SUPERIOR','NORTE','6688-12-06-20','LIC. CELINA ROMAN VARGAS','','','','LIC. ALBERTO EZEQUIEL GUERRERO MARIN','6681-37-32-53','PITRT9411@UAS.EDU.MX'),('09811','CENTRO DE ESTUDIOS DE IDIOMAS MAZATLÁN','SUPERIOR','SUR','   9-82-55-98','M.C. MELINA MARBELLA ELENES GARCÍA','','','','LIC. SILVIA ALICIA GASPAR AGUIRRE','6691-24-02-40','PITRT9811@UAS.EDU.MX'),('11111','CENTRO DE APOYO ADIUAS URN','GENERAL','NORTE','    -  -  -','','','','','','    -  -  -',''),('22222','CENTRO DE APOYO ADIUAS - URCN','GENERAL','CENTRO NORTE','    -  -  -','','','','','','    -  -  -',''),('33333','CENTRO DE APOYO ADIUAS','GENERAL','CENTRO','    -  -  -','DRA. ELBA SAYOKO KITAOKA LIZARRAGA','','','','','    -  -  -',''),('44444','CENTRO DE APOYO ADIUAS - URS','GENERAL','SUR','    -  -  -','','','','','','    -  -  -','');
/*!40000 ALTER TABLE `unidad_acad` ENABLE KEYS */;
UNLOCK TABLES;

--
-- Table structure for table `usuarios`
--

DROP TABLE IF EXISTS `usuarios`;
/*!40101 SET @saved_cs_client     = @@character_set_client */;
/*!40101 SET character_set_client = utf8 */;
CREATE TABLE `usuarios` (
  `IDUsuario` varchar(5) NOT NULL,
  `Nom_Usu` varchar(25) NOT NULL,
  `Ape_Pat` varchar(25) NOT NULL,
  `Ape_Mat` varchar(25) DEFAULT NULL,
  `Contra` varchar(6) NOT NULL,
  `Func_Usu` varchar(25) NOT NULL,
  `Uni_Reg` varchar(15) NOT NULL,
  `Tel_Usu` varchar(13) DEFAULT NULL,
  `UA_Atenc1` varchar(5) NOT NULL,
  `UA_Atenc2` varchar(5) DEFAULT NULL,
  `UA_Atenc3` varchar(5) DEFAULT NULL,
  `Perf_Prof` varchar(50) DEFAULT NULL,
  `Correo` varchar(50) DEFAULT NULL,
  `Red_Soc` varchar(50) DEFAULT NULL,
  `Sexo` varchar(10) DEFAULT NULL,
  `Status` varchar(10) NOT NULL,
  `Foto` blob,
  PRIMARY KEY (`IDUsuario`),
  UNIQUE KEY `idUsuarios_UNIQUE` (`IDUsuario`)
) ENGINE=InnoDB DEFAULT CHARSET=utf8;
/*!40101 SET character_set_client = @saved_cs_client */;

--
-- Dumping data for table `usuarios`
--

LOCK TABLES `usuarios` WRITE;
/*!40000 ALTER TABLE `usuarios` DISABLE KEYS */;
INSERT INTO `usuarios` VALUES ('01001','ROSA EVELIA','FIERRO','TORRES','123456','COORDINADOR(A) DE UR','NORTE','6681-13-91-39','11111','','','C','EVELIA_FIERRO@HOTMAIL.COM','FACEBOOK','FEMENINO','ACTIVO',NULL),('01002','MIGUEL ANGEL','CAMACHO','MEZA','123456','CENTRO DE APOYO ADIUAS','NORTE','6644-83-60-20','11111','','','LICENCIADO EN EDUCACIÓN ESPECIAL','MIGUEL_CAMACHO92@HOTMAIL.COM','','MASCULINO','ACTIVO',NULL),('01003','JOSÉ ANTONIO','CHÁVEZ','ESPINOZA','123456','CENTRO DE APOYO ADIUAS','NORTE','6681-61-66-83','11111','','','DOCTORADO EN SISTEMAS Y AMBIENTES EDUCATIVOS','TONYCHAVEZ@UAS.EDU.MX','','MASCULINO','ACTIVO',NULL),('01004','VIANEY PATRICIA','SAPIEN','FLORES','123456','CENTRO DE APOYO ADIUAS','NORTE','    -  -  -','11111','','','BECARIO','','','FEMENINO','ACTIVO',NULL),('01005','DALIA ISABEL','MELENDREZ','ZAVALA','123456','CENTRO DE APOYO ADIUAS','NORTE','    -  -  -','05410','02402','','BECARIO','','','FEMENINO','ACTIVO',NULL),('01006','EDGAR GERARDO','FIERRO','CASTILLO','123456','CENTRO DE APOYO ADIUAS','NORTE','    -  -  -','07050','03510','','BECARIO','','','MASCULINO','ACTIVO',NULL),('01007','IZLE MARIA','ESCALANTE','VERDUZCO','123456','CENTRO DE APOYO ADIUAS','NORTE','    -  -  -','07040','03010','','BECARIO','','','FEMENINO','ACTIVO',NULL),('02001','KARLA MARIA','CASTELO','ARREOLA','123456','COORDINADOR(A) DE UR','CENTRO NORTE','6672-08-76-51','22222','','','','KARLACASTELO-UAS@HOTMAIL.COM ','FACEBOOK','FEMENINO','ACTIVO',NULL),('02002','CELENE GUADALUPE','SANCHEZ','HERRERA','123456','TUTOR DE APOYO ESPECIAL','CENTRO NORTE','6731-38-04-01','07620','','','','CELENE_SANCHEZH@HOTMAIL.COM','','FEMENINO','ACTIVO',NULL),('02003','NADIA','ARMENTA','GONZALEZ','123456','TUTOR DE APOYO ESPECIAL','CENTRO NORTE','6871-52-87-42','07630','','','','NADIA_8_7@HOTMAIL.COM','','FEMENINO','ACTIVO',NULL),('02004','CECILIA MARGARITA','RODRIGUEZ','RIVERA','123456','CENTRO DE APOYO ADIUAS','CENTRO NORTE','    -  -  -','22222','','','INTERPRETE DE LENGUA DE SEÑAS MEXICANA','','','FEMENINO','ACTIVO',NULL),('02005','MIGUEL ANGEL','CAMACHO','MEZA','123456','CENTRO DE APOYO ADIUAS','CENTRO NORTE','6644-83-60-20','03920','','','INTERPRETE DE LENGUA DE SEÑAS MEXICANA','MIGUEL_CAMACHO92@HOTMAIL.COM','','MASCULINO','ACTIVO',NULL),('03001','ELBA SAYOKO ','KITAOKA','LIZARRAGA','123456','RESPONSABLE ADIUAS','CENTRO','6677-35-89-25','33333','','','DOCTORADO EN PSICOLOGIA','SAYKIT@HOTMAIL.COM','','FEMENINO','ACTIVO',NULL),('03002','GLORIA DEL CRISOL ','DUARTE','BENITEZ','123456','CENTRO DE APOYO ADIUAS','CENTRO','6674-30-46-35','33333','','','LICENCIATURA EN PSICOLOGIA','DELCRISOLDUARTE@HOTMAIL.COM','FACEBOOK','FEMENINO','ACTIVO',NULL),('03003','FLOR SAMARA','FELIX','TORRES','123456','CENTRO DE APOYO ADIUAS','CENTRO','6673-90-81-16','33333','','','PSICOPEDAGOGICA','SAMARAFT1988@GMAIL.COM','FACEBOOK','FEMENINO','ACTIVO',NULL),('03004','PAMELA SARAHI','BASTIDAS','MONJARDIN','123456','CENTRO DE APOYO ADIUAS','CENTRO','6672-54-82-05','33333','','','LICENCIATURA EN PSICOLOGIA','PAMELA.SARAHI.BASTIDAS.MONJARDIN@GMAIL.COM','FACEBOOK','FEMENINO','ACTIVO',NULL),('03005','MANUEL','VALDEZ','VALENZUELA','123456','CENTRO DE APOYO ADIUAS','CENTRO','6671-90-58-10','33333','','','LICENCIATURA EN NUTRIOLOGIA','MANUELVLZ92@GMAIL.COM','FACEBOOK','MASCULINO','ACTIVO',NULL),('03006','YADIRA','NUÑEZ','BARRERA','123456','CENTRO DE APOYO ADIUAS','CENTRO','6671-40-71-76','33333','','','LICENCIATURA EN ADMINISTRACION DE EMPRESAS','YADIRANB@HOTMAIL.COM','FACEBOOK','FEMENINO','ACTIVO',NULL),('03007','GIBRAN OMAR','CAÑEDO','PEÑUELAS','123456','CENTRO DE APOYO ADIUAS','CENTRO','6671-37-24-44','33333','','','MAESTRIA EN INFORMATICA','GIBRAN_OMAR@MSN.COM','','MASCULINO','INACTIVO',NULL),('03008','MARIA ELSA','VALLE','VALLE','123456','CENTRO DE APOYO ADIUAS','CENTRO','6677-96-03-96','33333','','','','ELSA_737@HOTMAIL.COM','FACEBOOK','FEMENINO','ACTIVO',NULL),('03009','RAUL ALFONSO','PIÑA','REA','123456','CENTRO DE APOYO ADIUAS','CENTRO','6677-84-16-04','33333','','','LICENCIATURA EN INFORMATICA','PIIKU1881@GMAIL.COM','INSTAGRAM','MASCULINO','ACTIVO',NULL),('03010','MA. ERNESTINA','DOMINGUEZ','MARO','123456','TUTOR DE APOYO ESPECIAL','CENTRO','6671-76-52-11','02300','','','','EDOMARO@HOTMAIL.COM','','FEMENINO','ACTIVO',NULL),('03011','ALEJANDRA ','HEREDIA','ALPIZAN','123456','TUTOR DE APOYO ESPECIAL','CENTRO','6672-34-06-85','02400','','','','ALEHEREDIAHORSE@GMAIL.COM','','FEMENINO','ACTIVO',NULL),('03012','JOSE CARLOS ','ALEMAN','TAPIA','123456','TUTOR DE APOYO ESPECIAL','CENTRO','6692-50-92-26','02400','','','INTERPRETE DE LENGUA DE SEÑAS MEXICANA','CARLO5_ALEMAN@HOTMAIL.COM','FACEBOOK','MASCULINO','ACTIVO',NULL),('03013','RIGOBERTO ','DELGADO','ZAVALA','123456','TUTOR DE APOYO ESPECIAL','CENTRO','6672-30-84-24','02230','','','LICENCIATURA EN PSICOLOGIA','TEACHERIGO30@HOTMAIL.COM','','MASCULINO','ACTIVO',NULL),('03014','CLARA ALEJANDRA','BELTRAN','FIERROS','123456','TUTOR DE APOYO ESPECIAL','CENTRO','6673-08-62-77','02100','','','','ALEXANDRA_BF@HOTMAIL.COM','','FEMENINO','ACTIVO',NULL),('03015','JESUS GIOVANNI','RENDON','URIBE','123456','TUTOR DE APOYO ESPECIAL','CENTRO','6674-87-07-31','09060','','','LICENCIATURA EN CIENCIAS DE LA EDUCACION','GEOVANI.R.U@HOTMAIL.COM','','MASCULINO','ACTIVO',NULL),('03016','MAYRA MARTHA','ACUÑA','QUEVEDO','123456','TUTOR DE APOYO ESPECIAL','CENTRO','6672-38-73-77','09050','','','INTERPRETE DE LENGUA DE SEÑAS MEXICANA','MARTHAQUEVEDO@LIVE.COM.MX','FACEBOOK','FEMENINO','ACTIVO',NULL),('03017','SILVIA YUCETH','LEON','VIZCARRA','123456','TUTOR DE APOYO ESPECIAL','CENTRO','6672-71-60-16','06130','','','','SILVIAYUCETH_7@HOTMAIL.COM','FACEBOOK','FEMENINO','ACTIVO',NULL),('03018','CAROLINA','GOMEZ','JIMENEZ','123456','TUTOR DE APOYO ESPECIAL','CENTRO','6677-90-08-98','06080','','','LICENCIATURA EN CIENCIAS DE LA EDUCACION','L_OVEJAZZ@HOTMAIL.COM','FACEBOOK','FEMENINO','ACTIVO',NULL),('03019','ROMMEL','BERUMEN','LARA','123456','TUTOR DE APOYO ESPECIAL','CENTRO','6671-51-61-33','06120','','','LICENCIATURA EN PSICOLOGIA','ROMMELBERUMEN@GMAIL.COM','FACEBOOK','MASCULINO','ACTIVO',NULL),('03020','KENIA ANDREA','CRESPO','GONZALEZ','123456','TUTOR DE APOYO ESPECIAL','CENTRO','6673-19-55-91','06120','','','LICENCIATURA EN PSICOLOGIA','KENIA_87@LIVE.COM.MX','FACEBOOK','FEMENINO','INACTIVO',NULL),('03021','RAMON ALFREDO','ESPINOZA','','123456','TUTOR DE APOYO ESPECIAL','CENTRO','6673-06-83-80','06060','','','LICENCIATURA EN PSICOLOGIA','ALFRE_VIDA@HOTMAIL.COM','','MASCULINO','ACTIVO',NULL),('03022','MARIA ALEJANDRA','YEPEZ','VALENCIA','123456','TUTOR DE APOYO ESPECIAL','CENTRO','6672-32-48-43','06050','','','','MAYEP9@HOTMAIL.COM','','FEMENINO','ACTIVO',NULL),('03023','ANA CECILIA','GALLARDO','ALVAREZ','123456','TUTOR DE APOYO ESPECIAL','CENTRO','6671-00-51-25','06040','','','LICENCIATURA EN PSICOLOGIA','ANA_GALLARDO89@HOTMAIL.COM','','FEMENINO','INACTIVO',NULL),('03024','EDNA YAJAIRA','VEGA','CHECA','123456','TUTOR DE APOYO ESPECIAL','CENTRO','6671-89-20-31','06140','','','LICENCIATURA EN PSICOLOGIA','EDYA_VCH@HOTMAIL.COM','','FEMENINO','ACTIVO',NULL),('03025','ROSA AMELIA','RODRIGUEZ','AVILA','123456','TUTOR DE APOYO ESPECIAL','CENTRO','6674-25-65-61','06030','','','','TUTIS854@HOTMAIL.COM','','FEMENINO','ACTIVO',NULL),('03026','NIVIA YANETH','CASTILLO ','SOTO','123456','TUTOR DE APOYO ESPECIAL','CENTRO','6671-97-29-29','06101','','','LICENCIATURA EN PSICOLOGIA','NIVIAYANETHCASTILLO@GMAIL.COM','FACEBOOK','FEMENINO','ACTIVO',NULL),('03027','MIGUEL ANTONIO','DIAZ','DUARTE','123456','TUTOR DE APOYO ESPECIAL','CENTRO','6671-04-87-47','06150','','','','DIAZDUARTEM@UAS.EDU.MX','FACEBOOK','MASCULINO','INACTIVO',NULL),('03028','BENJAMIN','SAEZ','CENICEROS','123456','CENTRO DE APOYO ADIUAS','CENTRO','6673-30-65-26','06060','02730','33333','BECARIO','','FACEBOOK','MASCULINO','ACTIVO',NULL),('03029','DANIEL','ALVARADO','GALINDO','123456','CENTRO DE APOYO ADIUAS','CENTRO','6672-67-16-65','09050','33333','','BECARIO','DANIEL_ALVGAL@HOTMAIL.COM','FACEBOOK','MASCULINO','ACTIVO',NULL),('03030','ELIA ELIZABETH','LAZCANO','ALVAREZ','123456','CENTRO DE APOYO ADIUAS','CENTRO','6672-02-38-06','02200','','','BECARIO Y LICENCIATURA EN FISIOTERAPIA','LIZBETH_LZNC@HOTMAIL.COM','FACEBOOK','FEMENINO','ACTIVO',NULL),('03031','JESUS MANUEL','SERRANO','MORENO','123456','CENTRO DE APOYO ADIUAS','CENTRO','6674-24-61-81','06080','','','BECARIO','MANUEL_SMORENO@HOTMAIL.COM','','MASCULINO','ACTIVO',NULL),('03032','JOSE ANTONIO','CORTES ','ANDRADE','123456','CENTRO DE APOYO ADIUAS','CENTRO','6671-33-20-45','33333','','','BECARIO','JOSEP_TONY23@HOTMAIL.COM','FACEBOOK','MASCULINO','ACTIVO',NULL),('03033','KENIA ISABEL','CASTRO','ALDABA','123456','CENTRO DE APOYO ADIUAS','CENTRO','    -  -  -','33333','','','BECARIO Y LICENCIATURA EN PSICOLOGIA','PSICOYUNA@GMAIL.COM','FACEBOOK','FEMENINO','ACTIVO',NULL),('03034','MARIA JESUS ','MONTES','OSUNA','123456','CENTRO DE APOYO ADIUAS','CENTRO','6673-50-22-53','06040','','','BECARIO Y LICENCIATURA EN CIENCIAS DE LA EDUCACION','MARYMONTES1992@.GMAIL.COM','','FEMENINO','ACTIVO',NULL),('03035','MARIO FERNANDO','TIZOC','FELIX','123456','CENTRO DE APOYO ADIUAS','CENTRO','6677-98-95-54','33333','','','BECARIO','TIZOC.19@HOTMAIL.COM','','MASCULINO','ACTIVO',NULL),('03036','NORA ADRIANA','BASTIDAS','MONJARDIN','123456','CENTRO DE APOYO ADIUAS','CENTRO','    -  -  -','33333','','','BECARIO','','','FEMENINO','ACTIVO',NULL),('03037','CARLA VIANEY','MARTINEZ','MORALES','123456','PRESTADOR DE SERVICIO','CENTRO','6672-53-29-47','33333','','','LICENCIATURA EN CIENCIAS DE LA EDUCACION','VIANEY-811@OUTLOOK.COM','','FEMENINO','INACTIVO',NULL),('03038','CYNTHIA GUADALUPE','CARRILLO','SANCHEZ','123456','PRESTADOR DE SERVICIO','CENTRO','6672-35-36-02','33333','','','LICENCIATURA EN CIENCIAS DE LA EDUCACION','CYNTHIACARRILLOO95@GMAIL.COM','','FEMENINO','INACTIVO',NULL),('03039','KARLA','BORBOA','MEZA','123456','PRESTADOR DE SERVICIO','CENTRO','6671-05-82-35','33333','','','LICENCIATURA EN ARTES PLASTICAS','KARLA95LIVE@HOTMAIL.COM','','FEMENINO','INACTIVO',NULL),('03040','KENIA ROSALINA','CARVAJAL','GARCIA','123456','PRESTADOR DE SERVICIO','CENTRO','6674-11-47-35','33333','','','LICENCIATURA EN CIENCIAS DE LA EDUCACION','KENIA5.CARVAJAL@GMAIL.COM','','FEMENINO','INACTIVO',NULL),('03041','ANITZA CAROLINA','MACIAS','LARA','123456','PRESTADOR DE SERVICIO','CENTRO','6671-45-06-48','33333','','','LICENCIATURA EN PSICOLOGIA','CAROLINA_AML16@HOTMAIL.COM','','FEMENINO','INACTIVO',NULL),('03042','THELMA BERENICE','MONROY','ESQUIVEL','123456','PRESTADOR DE SERVICIO','CENTRO','6672-11-54-56','33333','','','LICENCIATURA EN MATEMATICAS','THELMAMONROY@HOTMAIL.COM','','FEMENINO','INACTIVO',NULL),('03043','JESSICA MATILDE','LOPEZ','MARQUEZ','123456','PRESTADOR DE SERVICIO','CENTRO','6672-91-92-97','33333','','','LICENCIATURA EN ARQUITECTURA','JEES.F2507@GMAIL.COM','','FEMENINO','INACTIVO',NULL),('03044','CRISTINA MARIA','MACHADO ','LARA','123456','PRESTADOR DE SERVICIO','CENTRO','6671-19-45-59','33333','','','LICENCIATURA EN CIENCIAS DE LA EDUCACION','CMACHADOLARA@GMAIL.COM','','FEMENINO','INACTIVO',NULL),('03045','NORA ADRIANA','BASTIDAS','MANJARDIN','123456','PRESTADOR DE SERVICIO','CENTRO','6671-39-64-66','33333','','','LICENCIATURA EN PSICOLOGIA','NORAADNANABM@GMAIL.COM','','FEMENINO','INACTIVO',NULL),('03046','DORA PARTICIA','ARELLANO','','123456','PRESTADOR DE SERVICIO','CENTRO','6671-63-27-50','33333','','','LICENCIATURA EN PSICOLOGIA','PATTY_3_5@HOTMAIL.COM','','FEMENINO','INACTIVO',NULL),('03047','GABRIELA MIRALDEY','ELENES','LEYVA','123456','PRESTADOR DE SERVICIO','CENTRO','6672-28-08-43','33333','','','LICENCIATURA EN TRABAJO SOCIAL','MIRALDEYELENES@GMAIL.COM','','FEMENINO','INACTIVO',NULL),('03048','LESLIE ABIGAIL','NIEBLA','ESCOBEDO','123456','PRESTADOR DE SERVICIO','CENTRO','    -  -  -','33333','','','LICENCIATURA EN TRABAJO SOCIAL','','','FEMENINO','INACTIVO',NULL),('03049','MANUEL ENRIQUE','ALVAREZ','RAMIREZ','123456','PRESTADOR DE SERVICIO','CENTRO','6673-55-81-60','33333','','','LICENCIATURA EN CIENCIAS DE LA EDUCACION','MANIRIQUES.3@GMAIL.COM','','MASCULINO','INACTIVO',NULL),('03050','DALIA GUADALUPE','LOPEZ','LOPEZ','123456','PRESTADOR DE SERVICIO','CENTRO','6673-36-85-49','33333','','','LICENCIATURA EN ARQUITECTURA','','','FEMENINO','ACTIVO',NULL),('03051','MARIA FERNANDA','DIAZ ','ORTIZ','123456','PRESTADOR DE SERVICIO','CENTRO','6671-00-76-20','33333','','','LICENCIATURA EN ARQUITECTURA','','','FEMENINO','ACTIVO',NULL),('03052','JOSE ALAN','RUIZ','ZAZUETA','123456','PRESTADOR DE SERVICIO','CENTRO','6673-87-81-73','33333','','','LICENCIATURA EN PINTURA','','','MASCULINO','ACTIVO',NULL),('03053','ROCIO','LOPEZ','LOPEZ','123456','PRESTADOR DE SERVICIO','CENTRO','    -  -  -','33333','','','LICENCIATURA EN BIOLOGIA','YUYU_ROCIO@HOTMAIL.COM','','FEMENINO','ACTIVO',NULL),('03054','EDEN DELFINO','RAMIREZ','DAVIZON','123456','PRESTADOR DE SERVICIO','CENTRO','6672-01-89-00','33333','','','LICENCIATURA EN BIOLOGIA','EDEN_RT29@HOTMAIL.COM','','MASCULINO','ACTIVO',NULL),('03055','JORGE ALBERTO','SANCHEZ ','BERNAL','123456','PRESTADOR DE SERVICIO','CENTRO','6672-16-78-51','33333','','','LICENCIATURA EN QUIMICO FARMACÉUTICO BIOLOGO','','','MASCULINO','ACTIVO',NULL),('03056','VICTOR MANUEL','RUBIO','HERNANDEZ','123456','PRESTADOR DE SERVICIO','CENTRO','6673-17-47-32','33333','','','LICENCIATURA EN QUÍMICO FARMACÉUTICO BIOLOGO','','','MASCULINO','ACTIVO',NULL),('03057','CESAR HUMBERTO','BARAJAS','MORALES','123456','PRESTADOR DE SERVICIO','CENTRO','6672-53-28-49','33333','','','LICENCIATURA EN QUÍMICO FARMACÉUTICO BIOLOGO','','','MASCULINO','ACTIVO',NULL),('03058','JESUS FERNANDO','TORRES','BELTRAN','123456','PRESTADOR DE SERVICIO','CENTRO','6674-57-95-48','33333','','','LICENCIATURA EN QUÍMICO FARMACÉUTICO BIOLOGO','','','MASCULINO','ACTIVO',NULL),('03059','ILSE IZUTH','PRIETO','CARRILLO','123456','PRESTADOR DE SERVICIO','CENTRO','6673-44-45-70','33333','','','LICENCIATURA EN ADMINISTRACION DE EMPRESAS','ILSE_CARRILLO@HOTMAIL.COM','','FEMENINO','ACTIVO',NULL),('03060','JOSE ANTONIO','CORTES','ANDRADE','123456','PRESTADOR DE SERVICIO','CENTRO','    -  -  -','33333','','','LICENCIATURA EN ADMINISTRACION DE EMPRESAS','','','MASCULINO','ACTIVO',NULL),('03061','ABRAHAM CUAUHTEMOC','MERINO','LOPEZ','123456','PRESTADOR DE SERVICIO','CENTRO','6672-72-45-68','33333','','','LICENCIATURA EN ADMINISTRACION DE EMPRESAS','','','MASCULINO','ACTIVO',NULL),('03062','IVAN RAMON','SICAIROS','TORRES','123456','PRESTADOR DE SERVICIO','CENTRO','6675-13-98-09','33333','','','LICENCIATURA EN PSICOLOGIA','LUISFERNANDOMOLO@GMAIL.COM','','MASCULINO','ACTIVO',NULL),('03063','PEDRO ALEXIS','SAÑUDO','CAMPOS','123456','PRESTADOR DE SERVICIO','CENTRO','    -  -  -','33333','','','LICENCIATURA EN PSICOLOGIA','','','MASCULINO','ACTIVO',NULL),('03064','LUIS FERNANDO','MORALES ','LOPEZ','123456','PRESTADOR DE SERVICIO','CENTRO','    -  -  -','33333','','','LICENCIATURA EN PSICOLOGIA','','','MASCULINO','ACTIVO',NULL),('03065','KENIA','CASTRO','ALDABA','123456','PRESTADOR DE SERVICIO','CENTRO','    -  -  -','33333','','','LICENCIATURA EN PSICOLOGIA','','','FEMENINO','ACTIVO',NULL),('03066','ANA CRISTINA','QUINTERO','ZAMORA','123456','PRESTADOR DE SERVICIO','CENTRO','    -  -  -','33333','','','LICENCIATURA EN TRABAJO SOCIAL','','','FEMENINO','ACTIVO',NULL),('03067','ELSA NORELIA','ANGULO','GARCIA','123456','PRESTADOR DE SERVICIO','CENTRO','6673-88-20-99','33333','','','LICENCIATURA EN TRABAJO SOCIAL','QUINTEROANA@HOTMAIL.COM','','FEMENINO','ACTIVO',NULL),('04001','ISABEL','ACOSTA','KITAOKA','123456','COORDINADOR(A) DE UR','SUR','6691-63-77-64','44444','','','','ISAKITAOKA@LIVE.COM.MX','FACEBOOK','FEMENINO','ACTIVO',NULL),('04002','FLORENCIA GUADALUPE','ALAPIZCO','GARCÍA','123456','CENTRO DE APOYO ADIUAS','SUR','6691-54-01-47','44444','','','LICENCIATURA EN TRABAJO SOCIAL','ADIUASURS@GMAIL.COM','','FEMENINO','INACTIVO',NULL),('04003','BRENDA LIZETH','SIQUEIROS','TAPIA','123456','TUTOR DE APOYO ESPECIAL','SUR','6692-18-24-47','08260','','','INTERPRETE DE LENGUA DE SEÑAS MEXICANA','BRENDIS_1555@HOTMAIL.COM','FACEBOOK','FEMENINO','ACTIVO',NULL),('04004','EDDI DANIEL','ONTIVEROS ','KITAOKA','123456','CENTRO DE APOYO ADIUAS','SUR','6691-87-86-17','44444','','','BECARIO ','EDDDI_KITAOKA@HOTMAIL.COM','','MASCULINO','ACTIVO',NULL),('04005','FLOR IVETTE','SOLIS','ALAPIZCO','123456','CENTRO DE APOYO ADIUAS','SUR','6691-16-52-85','44444','08260','','BECARIO','IVETTESA25MM@HOTMAIL.COM','','FEMENINO','ACTIVO',NULL),('04006','JESUS ROSARIO','ROJO','QUINTERO','123456','CENTRO DE APOYO ADIUAS','SUR','    -  -  -','44444','','','BECARIO','','','MASCULINO','ACTIVO',NULL),('04007','NORMA ALICIA','LOPEZ','SANTILLAN','123456','CENTRO DE APOYO ADIUAS','SUR','6692-27-46-79','08260','','','BECARIO Y LICENCIATURA EN CIENCIAS DE LA EDUCACION','NORMA.A.LOPEZS@GMAIL.COM','','FEMENINO','ACTIVO',NULL),('04008','VICTOR MANUEL','MALDONADO','CORTEZ','123456','CENTRO DE APOYO ADIUAS','SUR','    -  -  -','44444','08230','','BECARIO','','','MASCULINO','ACTIVO',NULL),('04009','DULCE','CRUZ','GONZALEZ','123456','CENTRO DE APOYO ADIUAS','SUR','    -  -  -','04500','','','BECARIO','','','FEMENINO','ACTIVO',NULL),('04010','DANIELA','BAÑUELOS','GOMEZ','123456','CENTRO DE APOYO ADIUAS','SUR','    -  -  -','04700','04550','04530','BECARIO','','','FEMENINO','ACTIVO',NULL),('04011','MARTHA KARELY','JIMENEZ','CUENTA','123456','CENTRO DE APOYO ADIUAS','SUR','    -  -  -','04800','04540','','BECARIO','','','FEMENINO','ACTIVO',NULL),('04012','PAOLA GUADALUPE','HERNANDEZ','DIAZ','123456','CENTRO DE APOYO ADIUAS','SUR','    -  -  -','04010','05810','','BECARIO','','','FEMENINO','ACTIVO',NULL),('04013','HUGO CESAR','TIRADO','BARRON','123456','CENTRO DE APOYO ADIUAS','SUR','    -  -  -','44444','','','BECARIO','','','MASCULINO','ACTIVO',NULL);
/*!40000 ALTER TABLE `usuarios` ENABLE KEYS */;
UNLOCK TABLES;

--
-- Dumping events for database 'AdiUas'
--

--
-- Dumping routines for database 'AdiUas'
--
/*!40103 SET TIME_ZONE=@OLD_TIME_ZONE */;

/*!40101 SET SQL_MODE=@OLD_SQL_MODE */;
/*!40014 SET FOREIGN_KEY_CHECKS=@OLD_FOREIGN_KEY_CHECKS */;
/*!40014 SET UNIQUE_CHECKS=@OLD_UNIQUE_CHECKS */;
/*!40101 SET CHARACTER_SET_CLIENT=@OLD_CHARACTER_SET_CLIENT */;
/*!40101 SET CHARACTER_SET_RESULTS=@OLD_CHARACTER_SET_RESULTS */;
/*!40101 SET COLLATION_CONNECTION=@OLD_COLLATION_CONNECTION */;
/*!40111 SET SQL_NOTES=@OLD_SQL_NOTES */;

-- Dump completed on 2018-09-29 15:34:09
